pathway,pval,padj,log2err,ES,NES,size
BIOCARTA_FCER1_PATHWAY,0.2987220447284345,0.5229536050207708,0.09528798461948437,0.37286451838704876,1.1612837659948643,16
BIOCARTA_FMLP_PATHWAY,0.20287539936102236,0.41020386531463093,0.11988784511542344,0.39924882915748644,1.2434575054196155,16
BIOCARTA_HIVNEF_PATHWAY,0.08636363636363636,0.24252319109461967,0.18643255843407516,0.41301731756819626,1.412167104868303,22
BIOCARTA_IL2RB_PATHWAY,0.06389776357827476,0.19881013088560257,0.22496609354031374,0.4739087269775976,1.4759852012282335,16
BIOCARTA_KERATINOCYTE_PATHWAY,0.5705521472392638,0.7708683473389356,0.05934876803356285,0.28593266464662626,0.9455348832924256,19
BIOCARTA_MAPK_PATHWAY,0.902158273381295,0.9774565229705998,0.03524042706797093,0.1724293983896087,0.6412012556638332,30
BIOCARTA_NFAT_PATHWAY,0.013502995068809625,0.06152358018106637,0.3807304007227924,0.5550123769613603,1.728581915167386,16
BIOCARTA_PPARA_PATHWAY,0.2868462757527734,0.5099489346715971,0.09721508088464663,0.3629888390054344,1.1556825864863403,17
BIOCARTA_TCR_PATHWAY,0.3706070287539936,0.6027840089426657,0.083129129135339,0.34897555044292816,1.0868817532212012,16
KEGG_ABC_TRANSPORTERS,0.9888178913738019,1,0.03584492923326486,0.14051822838714986,0.4376429759480806,16
KEGG_ACUTE_MYELOID_LEUKEMIA,0.7043343653250774,0.8653250773993809,0.04999139140245922,0.24879952672076044,0.8319701158037622,20
KEGG_ADHERENS_JUNCTION,0.06515151515151515,0.20010822510822512,0.21654283673534816,0.42323231876012607,1.4470937000637984,22
KEGG_ADIPOCYTOKINE_SIGNALING_PATHWAY,0.557037037037037,0.7680190009648927,0.05884381695958071,0.26572455750138246,0.940920407648912,25
KEGG_ALZHEIMERS_DISEASE,0.6807817589576547,0.8515960912052117,0.08889452886204495,-0.1928440366972477,-0.8526072630003424,30
KEGG_AMYOTROPHIC_LATERAL_SCLEROSIS_ALS,0.9762282091917591,1,0.03607299763882261,0.15559216547684418,0.49537378815274785,17
KEGG_ANTIGEN_PROCESSING_AND_PRESENTATION,1.0050920726410223e-4,0.0012650939372442864,0.5384340963099162,0.6399161147024615,2.139839617344724,20
KEGG_APOPTOSIS,0.00408897700024423,0.024251863587655433,0.40701791892395395,0.4809644533679348,1.8351198491962515,32
KEGG_ARACHIDONIC_ACID_METABOLISM,0.8722044728434505,0.9601226837060703,0.041655677397946726,0.21422259017809558,0.6671946619092257,16
KEGG_ARGININE_AND_PROLINE_METABOLISM,0.8699690402476781,0.9601226837060703,0.0403295396423143,0.20128205128205123,0.6730746385313507,20
KEGG_ARRHYTHMOGENIC_RIGHT_VENTRICULAR_CARDIOMYOPATHY_ARVC,0.08132530120481928,0.23025435073627845,0.19189224038483796,0.40454045077033574,1.4013516831953068,23
KEGG_AXON_GUIDANCE,0.9224376731301939,0.988531338183136,0.03236042971370141,0.16311974519597644,0.6456785349486611,36
KEGG_BASAL_CELL_CARCINOMA,0.03740786184425323,0.13545583657287485,0.3217759180753611,0.49016992903340884,1.560601292742984,17
KEGG_B_CELL_RECEPTOR_SIGNALING_PATHWAY,0.0028876004028568405,0.017900892051901166,0.4317076958033464,0.49428402979571084,1.8291779476612207,29
KEGG_CALCIUM_SIGNALING_PATHWAY,0.16736401673640167,0.37264221202150277,0.22496609354031374,-0.23695388482532959,-1.2280613372894729,50
KEGG_CELL_ADHESION_MOLECULES_CAMS,2.0478239727853503e-4,0.0022724240214134213,0.5188480777437918,0.5053833004907211,2.0456425936941174,39
KEGG_CELL_CYCLE,0.0698005698005698,0.21062628080171938,0.20207170902115992,0.38447495616964217,1.4465722901023383,31
KEGG_CHEMOKINE_SIGNALING_PATHWAY,6.303182336878179e-5,9.22678605908976e-4,0.5384340963099162,0.4666632558183414,2.063668970587228,58
KEGG_CHRONIC_MYELOID_LEUKEMIA,0.12463343108504399,0.30992811955265687,0.15016980212840597,0.3684945505539601,1.3314756332892312,27
KEGG_COLORECTAL_CANCER,0.1792452830188679,0.3847987989755968,0.1275053153001827,0.3928536706088796,1.273304728479853,18
KEGG_COMPLEMENT_AND_COAGULATION_CASCADES,2.419372164741747e-7,8.322640246711609e-6,0.674962860011025,0.6518375187792116,2.452513687000774,31
KEGG_CYTOKINE_CYTOKINE_RECEPTOR_INTERACTION,2.430796342104414e-11,2.3891255476683386e-9,0.8634153916066928,0.5748416072796133,2.693018799710187,76
KEGG_DILATED_CARDIOMYOPATHY,0.2801857585139319,0.501999484004128,0.09721508088464663,0.3445554887009302,1.152172086553311,20
KEGG_DRUG_METABOLISM_CYTOCHROME_P450,0.12361331220285261,0.30992811955265687,0.15740289930528326,0.4224674793126698,1.3450504718992784,17
KEGG_ECM_RECEPTOR_INTERACTION,0.04953560371517028,0.16955470326386643,0.2529611230696109,0.45633172250701565,1.5259448481395075,20
KEGG_ENDOCYTOSIS,0.039735099337748346,0.14091622857923125,0.2616635217115731,0.3509862657222107,1.4815321124575889,47
KEGG_EPITHELIAL_CELL_SIGNALING_IN_HELICOBACTER_PYLORI_INFECTION,0.22424242424242424,0.43581578496832735,0.10968406197054928,0.3596523657413664,1.2297044663367176,22
KEGG_ERBB_SIGNALING_PATHWAY,0.7672955974842768,0.916491963661775,0.046788296531802984,0.2345664704244882,0.7602693274353729,18
KEGG_FC_EPSILON_RI_SIGNALING_PATHWAY,0.18370607028753994,0.38889161956254614,0.12687572992985735,0.40395924543579775,1.2581280618424788,16
KEGG_FC_GAMMA_R_MEDIATED_PHAGOCYTOSIS,5.852342582407361e-4,0.004970878637896623,0.47727081536286214,0.5505784421418081,1.989396529267844,27
KEGG_FOCAL_ADHESION,0.007975297322192995,0.041568216345975614,0.3807304007227924,0.37753270066430705,1.6739254929230758,59
KEGG_GAP_JUNCTION,0.9618768328445748,1,0.03308941614543766,0.1543038853113405,0.5575438309875926,27
KEGG_GLIOMA,0.9295392953929539,0.9915085817524841,0.06321911708594577,-0.16541628545288198,-0.602834709004293,15
KEGG_GLYCOLYSIS_GLUCONEOGENESIS,0.06230031948881789,0.19752359358666685,0.22798720285044224,0.47406035537397506,1.4764574467396558,16
KEGG_GNRH_SIGNALING_PATHWAY,0.9090909090909091,0.9803362781419208,0.037302976483267865,0.18374303107460085,0.6236588246583558,21
KEGG_HEDGEHOG_SIGNALING_PATHWAY,3.2190691690759234e-4,0.0032097385338032396,0.49849310876659025,0.6432328838098874,2.047922588780613,17
KEGG_HEMATOPOIETIC_CELL_LINEAGE,4.573938999227352e-5,7.492547693972423e-4,0.557332238758646,0.5876701055971845,2.1560315969901183,28
KEGG_HUNTINGTONS_DISEASE,0.24705882352941178,0.46441658630665383,0.15114876138548375,-0.27749266862170086,-1.1738169753853696,24
KEGG_HYPERTROPHIC_CARDIOMYOPATHY_HCM,0.27358490566037735,0.495571141624683,0.09957912004959042,0.35603101060551656,1.1539563028311395,18
KEGG_INSULIN_SIGNALING_PATHWAY,0.20861372812920592,0.4157645822385706,0.10672988436460558,0.3012027283406474,1.2296504521431963,40
KEGG_INTESTINAL_IMMUNE_NETWORK_FOR_IGA_PRODUCTION,9.446322214151905e-4,0.007221188537040567,0.47727081536286214,0.624299374515376,1.944375753106349,16
KEGG_JAK_STAT_SIGNALING_PATHWAY,0.0020862743655066292,0.013935502557947193,0.4317076958033464,0.4679003440021906,1.8268330041792227,35
KEGG_LEISHMANIA_INFECTION,2.149935620271678e-6,5.282698952667552e-5,0.6272567397185284,0.5837231690757427,2.362739284080036,39
KEGG_LEUKOCYTE_TRANSENDOTHELIAL_MIGRATION,0.010836643260784026,0.05106582577684528,0.3807304007227924,0.4575251861462615,1.7456873262147612,32
KEGG_LONG_TERM_DEPRESSION,0.6829268292682927,0.8521374708041374,0.07871138069864847,-0.2277420276302847,-0.8299714781931611,15
KEGG_LONG_TERM_POTENTIATION,0.8544474393530997,0.9558913802394507,0.06705125798294667,-0.18608781439943553,-0.7059821084088963,17
KEGG_LYSOSOME,0.7918424753867792,0.9233656360559914,0.04024775650688684,0.19575416738381235,0.764287050151641,35
KEGG_MAPK_SIGNALING_PATHWAY,0.2512254901960784,0.4676652556170629,0.08998607949971373,0.23990657070200244,1.1458208092789102,87
KEGG_MELANOGENESIS,0.5511111111111111,0.7629063268499888,0.05934876803356285,0.26657968580314984,0.9439483839784498,25
KEGG_MELANOMA,0.0947867298578199,0.2557383142830592,0.18138312849840757,0.4572114171435436,1.4071775819086143,15
KEGG_METABOLISM_OF_XENOBIOTICS_BY_CYTOCHROME_P450,0.15847860538827258,0.35838823349165005,0.1372507796101328,0.40547582908922325,1.290952515794876,17
KEGG_NATURAL_KILLER_CELL_MEDIATED_CYTOTOXICITY,1.2787861608364043e-4,0.0015169049631990452,0.5188480777437918,0.5542470429698672,2.0853332612842785,31
KEGG_NEUROACTIVE_LIGAND_RECEPTOR_INTERACTION,0.5109677419354839,0.7288753284176624,0.056411838821759604,0.21584301705710093,0.9735027449516825,65
KEGG_NEUROTROPHIN_SIGNALING_PATHWAY,0.6801152737752162,0.8515960912052117,0.04831175810550189,0.22937922291435942,0.8415416193305308,28
KEGG_NOD_LIKE_RECEPTOR_SIGNALING_PATHWAY,0.009051523514641264,0.04385526885967035,0.3807304007227924,0.4969936908341699,1.7336484511233006,24
KEGG_OOCYTE_MEIOSIS,0.9636363636363636,1,0.03456643220635099,0.15651380484249577,0.5312376474906817,21
KEGG_OXIDATIVE_PHOSPHORYLATION,0.34959349593495936,0.5837871970952719,0.11881503941226282,-0.30399904909328607,-1.107878694023352,15
KEGG_P53_SIGNALING_PATHWAY,0.008552500152684982,0.04244739927654743,0.3807304007227924,0.5512048363897092,1.7549240157025936,17
KEGG_PANCREATIC_CANCER,0.16012084592145015,0.3600102679541101,0.13284630060618333,0.3679847772531031,1.2836304582680498,24
KEGG_PATHOGENIC_ESCHERICHIA_COLI_INFECTION,0.30060422960725075,0.5249129694664683,0.0916795246008379,0.3291744877613493,1.1482496687210129,24
KEGG_PATHWAYS_IN_CANCER,0.001137511664663721,0.008600088189985056,0.45505986738722953,0.3816499369457041,1.8186118446942101,85
KEGG_PEROXISOME,0.5026595744680851,0.72377764494919306,0.09466462231533423,-0.2556734992679356,-0.9549460752578959,16
KEGG_PHOSPHATIDYLINOSITOL_SIGNALING_SYSTEM,0.800561797752809,0.924584115270842,0.07235708510369071,-0.19194139194139195,-0.7639382475759481,20
KEGG_PPAR_SIGNALING_PATHWAY,0.7578616352201258,0.9142555557649897,0.04735342452541926,0.23835648482648736,0.7725534006669982,18
KEGG_PROGESTERONE_MEDIATED_OOCYTE_MATURATION,0.49528301886792453,0.7188918079770719,0.06736238681662789,0.3070152093780108,0.9950878585666887,18
KEGG_PROSTATE_CANCER,0.12023460410557185,0.3086619687486322,0.15315880868307333,0.37181319737322716,1.3434668482711198,27
KEGG_PURINE_METABOLISM,0.8464163822525598,0.9537072856221793,0.07955646772359566,-0.1626686129797431,-0.7442918975113373,33
KEGG_PYRIMIDINE_METABOLISM,0.7456140350877193,0.9063294278098072,0.07808923069433449,-0.1952738596812603,-0.7849246801322913,21
KEGG_REGULATION_OF_ACTIN_CYTOSKELETON,0.012226651123177674,0.0564559461258137,0.3807304007227924,0.35806803590912295,1.6034424117229285,61
KEGG_RENAL_CELL_CARCINOMA,0.19329073482428116,0.3981557651470222,0.12325722638133735,0.4012266414378335,1.249617387039052,16
KEGG_RIG_I_LIKE_RECEPTOR_SIGNALING_PATHWAY,0.347068145800317,0.5809802537971243,0.08628656262672446,0.34852645066813104,1.1096372854621555,17
KEGG_RNA_DEGRADATION,0.12568306010928962,0.30992811955265687,0.2089550275493539,-0.34602709630172096,-1.3410532331833809,18
KEGG_SMALL_CELL_LUNG_CANCER,0.1340057636887608,0.3212402976232314,0.1429011493869481,0.36520955383068954,1.3398730513635346,28
KEGG_SPLICEOSOME,0.07606973058637084,0.2207280067373374,0.20429475651688608,0.45268167673439497,1.4412463271785243,17
KEGG_SYSTEMIC_LUPUS_ERYTHEMATOSUS,2.751265087939239e-7,9.013668478581888e-6,0.674962860011025,0.6645102249530611,2.4379409942350407,28
KEGG_TGF_BETA_SIGNALING_PATHWAY,1.0113396300644731e-4,0.0012650939372442864,0.5384340963099162,0.5374627665751359,2.0775210160389914,34
KEGG_TIGHT_JUNCTION,0.9845288326300985,1,0.029919566715167132,0.13379913340451588,0.5223947277816149,35
KEGG_TOLL_LIKE_RECEPTOR_SIGNALING_PATHWAY,6.144164283926172e-4,0.00511961665044944,0.47727081536286214,0.5215771944672886,2.005194331975308,33
KEGG_T_CELL_RECEPTOR_SIGNALING_PATHWAY,0.3769338959212377,0.6101894597501448,0.0755015292281669,0.281539462666747,1.0742138065587017,32
KEGG_UBIQUITIN_MEDIATED_PROTEOLYSIS,0.4120234604105572,0.6401571445186803,0.07307443991269867,0.291546417163856,1.0534401386476075,27
KEGG_VALINE_LEUCINE_AND_ISOLEUCINE_DEGRADATION,0.8373983739837398,0.9507097051168532,0.06831108583186465,-0.19620857640251368,-0.7150525701621308,15
KEGG_VASCULAR_SMOOTH_MUSCLE_CONTRACTION,0.38436482084690554,0.6149837133550489,0.12503336755527242,-0.24029952653896045,-1.0624187562735523,30
KEGG_VEGF_SIGNALING_PATHWAY,0.34662576687116564,0.5809802537971243,0.08455574424412811,0.3338746617696206,1.1040716167940667,19
KEGG_VIBRIO_CHOLERAE_INFECTION,0.9919137466307277,1,0.05986031177644726,-0.13180487430243149,-0.5000428607263088,17
KEGG_VIRAL_MYOCARDITIS,0.012955541336572255,0.05942274959707808,0.3807304007227924,0.4767400869079299,1.6514554279131526,23
KEGG_WNT_SIGNALING_PATHWAY,0.21668909825033647,0.4259488559892328,0.10434395258194858,0.29912928657891935,1.2211856928302662,40
NABA_CORE_MATRISOME,8.065707812746589e-5,0.0011098413950339306,0.5384340963099162,0.42509419856561653,2.002931324444394,78
NABA_ECM_AFFILIATED,0.002251595219600735,0.014614127463068923,0.4317076958033464,0.4268939467948132,1.8042467629545924,46
NABA_ECM_GLYCOPROTEINS,0.014326175336307367,0.0648447936274965,0.3807304007227924,0.37415658402040863,1.642387304872269,55
NABA_ECM_REGULATORS,1.0100260617345382e-4,0.0012650939372442864,0.5384340963099162,0.4606129373891003,2.062642417446633,61
NABA_MATRISOME,2.086710758171408e-18,4.785523338739762e-16,1.1053365773140096,0.47402741659741104,2.6146573866749656,250
NABA_MATRISOME_ASSOCIATED,1.29313990531525e-14,2.22420063714223e-12,0.9865462835875821,0.4886194727905395,2.5743829245609113,172
NABA_SECRETED_FACTORS,5.111911670733602e-10,3.9077724771830205e-8,0.8012155746177786,0.5793424586227006,2.612970673899784,65
PID_AMB2_NEUTROPHILS_PATHWAY,0.16293929712460065,0.3639683000705365,0.13574094381042484,0.41384339788288954,1.288912181036977,16
PID_ANGIOPOIETIN_RECEPTOR_PATHWAY,0.03528065041880915,0.12842903432878675,0.3217759180753611,0.4793192559839838,1.5850342853508461,19
PID_AP1_PATHWAY,0.00835165324299348,0.041941149132697184,0.3807304007227924,0.49054919951057246,1.6992909982554933,23
PID_AVB3_INTEGRIN_PATHWAY,0.045317220543806644,0.15746589764716654,0.2616635217115731,0.42858163628997564,1.4950086965629579,24
PID_BCR_5PATHWAY,0.06020558002936858,0.19265785609397945,0.22205604614524838,0.4062381128103658,1.454438592675344,26
PID_BETA_CATENIN_NUC_PATHWAY,0.27300613496932513,0.495571141624683,0.09821233512174378,0.3503807185275519,1.1586545811766666,19
PID_BMP_PATHWAY,0.38977635782747605,0.6207549402437581,0.08041999687615399,0.34457052746998384,1.073162341973804,16
PID_CASPASE_PATHWAY,0.05817610062893082,0.18791153630377655,0.2343926472946861,0.4703862543813307,1.524600854530332,18
PID_CD8_TCR_PATHWAY,0.6645367412140575,0.8419913037850305,0.054120056962023176,0.27724126480318273,0.8634658547628715,16
PID_CDC42_PATHWAY,0.5116959064327485,0.7288753284176624,0.09923333437711905,-0.23777248580326066,-0.9557525654894129,21
PID_CMYB_PATHWAY,0.023471935786209985,0.092808573683405,0.35248785758361917,0.4359257167374374,1.6632745517016356,32
PID_CXCR4_PATHWAY,0.005616876426447246,0.03220342484496421,0.40701791892395395,0.44919387835107044,1.736324412753438,34
PID_DELTA_NP63_PATHWAY,0.1964856230031949,0.40132897106190873,0.12210792028708148,0.40044704061203445,1.247189326072369,16
PID_E2F_PATHWAY,0.762962962962963,0.9154106647798826,0.0443293451680314,0.21994850880637357,0.7788291850548538,25
PID_ERA_GENOMIC_PATHWAY,0.1485623003194888,0.34765599530547037,0.1429011493869481,0.421728224854905,1.313469415927252,16
PID_ERBB1_DOWNSTREAM_PATHWAY,0.6874074074074074,0.8521374708041374,0.049093966819213915,0.23557589029641873,0.8341651400767071,25
PID_FAK_PATHWAY,0.5277337559429477,0.7455458400179631,0.06464845684219278,0.30704373534204576,0.9775647625882247,17
PID_FAS_PATHWAY,0.38704581358609796,0.6178364727314046,0.08020234446981443,0.34839890210430013,1.072281019720962,15
PID_FCER1_PATHWAY,0.05433186490455213,0.17971309160736473,0.2343926472946861,0.4076028571393401,1.4593247339767181,26
PID_FRA_PATHWAY,0.0015159401934975055,0.010864238053398789,0.45505986738722953,0.6149341142020498,1.915207719598553,16
PID_GLYPICAN_1PATHWAY,0.15654952076677317,0.3566426168461588,0.13880510939113969,0.4190929687369295,1.3052619303711528,16
PID_HDAC_CLASSI_PATHWAY,0.7696969696969697,0.9175659229208925,0.04495430676400623,0.22399611688959686,0.7658757500827895,22
PID_HES_HEY_PATHWAY,0.06973058637083994,0.21062628080171938,0.21392785549235627,0.4596415208947315,1.4634050544903552,17
PID_HIF1_TFPATHWAY,0.030752714779520757,0.11625202070500154,0.35248785758361917,0.45584496328101276,1.5586011401545043,22
PID_IL12_2PATHWAY,0.021194348507619705,0.08679590341215689,0.35248785758361917,0.4679687118857667,1.5883748903275023,21
PID_IL1_PATHWAY,0.09355828220858896,0.2534177092894063,0.1797823162983236,0.42666127062322656,1.410902511689969,19
PID_IL23_PATHWAY,0.015953440628211312,0.07027237876698167,0.35248785758361917,0.53188616553744,1.6370069954675646,15
PID_IL2_1PATHWAY,0.1792452830188679,0.3847987989755968,0.1275053153001827,0.39411493618000143,1.2773927020326754,18
PID_IL4_2PATHWAY,2.3495247229086242e-4,0.0024868815528632823,0.5188480777437918,0.5973361577714997,2.138619526988677,26
PID_IL6_7_PATHWAY,0.07131537242472266,0.2142575381144506,0.2114001893849227,0.45866865809220553,1.4603076573279519,17
PID_INTEGRIN1_PATHWAY,0.0016053573909576295,0.011342668940627547,0.45505986738722953,0.5506371232627453,1.868967215240263,21
PID_KIT_PATHWAY,0.08846761453396525,0.24641991416748216,0.1882041463084906,0.46129917657822506,1.419758640082219,15
PID_MET_PATHWAY,0.6771428571428572,0.8501355578727842,0.08197787965012722,-0.2158089482171805,-0.8392081694670893,19
PID_MYC_REPRESS_PATHWAY,0.08069164265129683,0.23025435073627845,0.1882041463084906,0.3843188577222651,1.4099808594591257,28
PID_NFAT_3PATHWAY,0.9424920127795527,0.9991286668602963,0.0380842053196415,0.18108471024589995,0.5639869816203777,16
PID_P53_DOWNSTREAM_PATHWAY,1.0877552767274259e-4,0.0013363850542651233,0.5384340963099162,0.4787944123462566,2.0546176416051853,50
PID_P73PATHWAY,0.05345911949685535,0.17768055175766415,0.24504178543099617,0.47352893483233544,1.534786809703319,18
PID_P75_NTR_PATHWAY,0.8685714285714285,0.9601226837060703,0.06911984565510101,-0.1807361289141183,-0.7028218114011932,19
PID_PDGFRB_PATHWAY,0.153737658674189,0.3549379502276579,0.13077713797197438,0.3356212867040924,1.2973182886713037,34
PID_PI3KCI_PATHWAY,0.008878250955232378,0.04332082735602749,0.3807304007227924,0.5540558835101821,1.7052396094372304,15
PID_PTP1B_PATHWAY,0.05572755417956656,0.18170880225375258,0.2377938344236881,0.4480283361760749,1.498178841594529,20
PID_RAC1_PATHWAY,0.6257861635220126,0.8092873693668132,0.05617665863071758,0.2730550229351714,0.885017190496552,18
PID_RB_1PATHWAY,0.8205521472392638,0.9393342384369611,0.04258777792732544,0.21452572852911495,0.7094032433778903,19
PID_REG_GR_PATHWAY,0.7929447852760736,0.9233656360559914,0.044152305844146505,0.2216603197455836,0.7329962276965584,19
PID_SHP2_PATHWAY,0.17956656346749225,0.3847987989755968,0.12625398784911535,0.38173424466542516,1.276495530061854,20
PID_SMAD2_3NUCLEAR_PATHWAY,0.0016475925658726383,0.011342668940627547,0.45505986738722953,0.5081476410669251,1.8804824820657282,29
PID_SYNDECAN_1_PATHWAY,0.0034812085550343175,0.021195322883748764,0.4317076958033464,0.5831507168911575,1.794785923785328,15
PID_TCR_PATHWAY,0.593939393939394,0.785986290936786,0.056886416047570075,0.26820614432411843,0.9170363522966374,22
PID_TGFBR_PATHWAY,0.20443740095087162,0.41126588261461894,0.11881503941226282,0.38766573387616565,1.234248797416675,17
PID_TNF_PATHWAY,0.21826625386996903,0.4266113143822122,0.11284335567556247,0.36611721611721615,1.2242731596216292,20
PID_TOLL_ENDOGENOUS_PATHWAY,4.4317973028475165e-4,0.004120373708593366,0.49849310876659025,0.6388130023815644,1.9660999316227716,15
PID_TRKR_PATHWAY,0.12737127371273713,0.31253882167524216,0.20658792269689108,-0.36157365050320217,-1.3177006471155785,15
PID_TXA2PATHWAY,0.03251358165845203,0.12223685344816938,0.3217759180753611,0.486088337181996,1.607418584844818,19
PID_VEGFR1_2_PATHWAY,0.23939393939393938,0.453727356206695,0.10552093684319848,0.35532923594043253,1.2060550669994607,21
REACTOME_ABC_FAMILY_PROTEINS_MEDIATED_TRANSPORT,0.8623853211009175,0.9601226837060703,0.0728938564822936,-0.16461961503208067,-0.6962798636275217,25
REACTOME_ABC_TRANSPORTER_DISORDERS,0.9728434504792333,1,0.03660822213366891,0.16076860988974295,0.5007126383442033,16
REACTOME_ACTIVATION_OF_GENE_EXPRESSION_BY_SREBF_SREBP,0.550531914893617,0.7629063268499888,0.08943668337186206,-0.24670571010248898,-0.9214511878651707,16
REACTOME_ACTIVATION_OF_NMDA_RECEPTORS_AND_POSTSYNAPTIC_EVENTS,0.12232415902140673,0.30992811955265687,0.22496609354031374,-0.32328680465522924,-1.367383177357411,25
REACTOME_ADAPTIVE_IMMUNE_SYSTEM,2.3662484288808244e-7,8.322640246711609e-6,0.6901324587967956,0.36915543309726956,2.014736701094977,228
REACTOME_ANCHORING_OF_THE_BASAL_BODY_TO_THE_PLASMA_MEMBRANE,0.2823529411764706,0.5045683728036668,0.14040623852334236,-0.26867653099639405,-1.1365239829134615,24
REACTOME_ANTIGEN_PROCESSING_CROSS_PRESENTATION,2.8069239669937994e-5,4.7101553397359367e-4,0.5756102610711286,0.5640306055825247,2.2326080428901607,36
REACTOME_ANTIGEN_PROCESSING_UBIQUITINATION_PROTEASOME_DEGRADATION,0.8844155844155844,0.9689138886591115,0.03127712552901483,0.15412909496952476,0.6992428495141751,67
REACTOME_ANTIMICROBIAL_PEPTIDES,1.6885356454168815e-7,6.453958466926747e-6,0.6901324587967956,0.7681979550567406,2.4457859422509682,17
REACTOME_ANTIVIRAL_MECHANISM_BY_IFN_STIMULATED_GENES,0.7977883096366508,0.924584115270842,0.045224744337288424,0.24349659481427632,0.7494190578932124,15
REACTOME_ANTI_INFLAMMATORY_RESPONSE_FAVOURING_LEISHMANIA_PARASITE_INFECTION,5.020921385432898e-4,0.004428710145099787,0.47727081536286214,0.5347063363916935,1.9883754018040098,30
REACTOME_APC_C_CDH1_MEDIATED_DEGRADATION_OF_CDC20_AND_OTHER_APC_C_CDH1_TARGETED_PROTEINS_IN_LATE_MITOSIS_EARLY_G1,0.4265402843601896,0.6529110386585933,0.07511816352763015,0.3390667886550778,1.043559206692722,15
REACTOME_APC_C_MEDIATED_DEGRADATION_OF_CELL_CYCLE_PROTEINS,0.6196969696969697,0.8029218741083148,0.05490737032909582,0.26547008307056486,0.9010559966354588,21
REACTOME_APOPTOSIS,0.024484495285916917,0.09517137150684091,0.35248785758361917,0.38319178170090135,1.5643681258198048,40
REACTOME_ARACHIDONIC_ACID_METABOLISM,0.19938650306748465,0.4058518168947617,0.11828752612408502,0.37379314345044223,1.2360758317162523,19
REACTOME_ASPARAGINE_N_LINKED_GLYCOSYLATION,0.6634146341463415,0.8419913037850305,0.11524000314778066,-0.15555301813698008,-0.8886128297121308,77
REACTOME_ASSEMBLY_OF_COLLAGEN_FIBRILS_AND_OTHER_MULTIMERIC_STRUCTURES,0.008251191044793386,0.041941149132697184,0.3807304007227924,0.5358371320133368,1.7367381417875023,18
REACTOME_ASYMMETRIC_LOCALIZATION_OF_PCP_PROTEINS,0.41373801916932906,0.6401571445186803,0.077274697304471,0.33656661786237185,1.0482342251017078,16
REACTOME_AURKA_ACTIVATION_BY_TPX2,0.4590643274853801,0.6811607511823317,0.10592029273625286,-0.2506502236142698,-1.0075160439633517,21
REACTOME_AUTOPHAGY,0.6329588014981273,0.8139731877209563,0.10135074379709887,-0.19465152195096444,-0.9073288746599715,37
REACTOME_BETA_CATENIN_INDEPENDENT_WNT_SIGNALING,0.6404341926729986,0.8189939118197453,0.04831175810550189,0.21618459776842425,0.8750515121222102,39
REACTOME_BIOLOGICAL_OXIDATIONS,0.07208387942332896,0.21562482192717533,0.19002330527910832,0.32843807746706877,1.409403808268996,50
REACTOME_BIOSYNTHESIS_OF_THE_N_GLYCAN_PRECURSOR_DOLICHOL_LIPID_LINKED_OLIGOSACCHARIDE_LLO_AND_TRANSFER_TO_A_NASCENT_PROTEIN,0.5168539325842697,0.7347014578883834,0.09624060232812902,-0.24062063322137517,-0.9576845463842438,20
REACTOME_CA2_PATHWAY,0.7058823529411765,0.8656810317709972,0.049890735672630714,0.24674789587882046,0.8251095900959657,20
REACTOME_CARBOXYTERMINAL_POST_TRANSLATIONAL_MODIFICATIONS_OF_TUBULIN,0.18867924528301888,0.3921792167816223,0.16693384871319314,-0.33266247919553715,-1.2620587716016956,17
REACTOME_CARDIAC_CONDUCTION,0.8061911170928667,0.9290778702845768,0.03738064947584734,0.18484732636824552,0.7546332654367933,40
REACTOME_CARGO_RECOGNITION_FOR_CLATHRIN_MEDIATED_ENDOCYTOSIS,0.8157099697885196,0.9380593891886299,0.04216194300924518,0.2098214962149876,0.7319141442519038,24
REACTOME_CDC42_GTPASE_CYCLE,0.02164842803695402,0.08761246170249627,0.35248785758361917,0.3692952347582402,1.5608085729249483,46
REACTOME_CELLULAR_RESPONSES_TO_STIMULI,0.3272519954389966,0.5600730668209692,0.07200331366198796,0.2048177725053446,1.076365028520151,169
REACTOME_CELLULAR_RESPONSE_TO_CHEMICAL_STRESS,0.5612382234185733,0.7684273565696491,0.0540088272801684,0.2288701365251874,0.9343549721833402,40
REACTOME_CELLULAR_RESPONSE_TO_HEAT_STRESS,0.23555555555555555,0.45171717171717174,0.10512513159700079,0.3401243336576606,1.2043671450080995,25
REACTOME_CELLULAR_RESPONSE_TO_STARVATION,0.8282208588957055,0.9438543879378567,0.04216194300924518,0.21223219190624432,0.7018188742198125,19
REACTOME_CELLULAR_SENESCENCE,0.3389592123769339,0.5741535526943252,0.08108020575508663,0.2930841023990619,1.1182623789141806,32
REACTOME_CELL_CELL_COMMUNICATION,0.8544668587896254,0.9558913802394507,0.03784877227050295,0.18976688355833804,0.6962127103578869,28
REACTOME_CELL_CYCLE,0.8864426419466975,0.9695906799035421,0.02534155009766152,0.1492037312664306,0.7602893261148711,129
REACTOME_CELL_CYCLE_CHECKPOINTS,0.440745672436751,0.6649846987642208,0.06494076846128988,0.2423183072677093,1.0185565508464738,45
REACTOME_CELL_CYCLE_MITOTIC,0.9642857142857143,1,0.02215512381818394,0.1343108604293609,0.671615947702998,115
REACTOME_CELL_JUNCTION_ORGANIZATION,0.5039619651347068,0.723853511508723,0.0668966276500666,0.30958924492346285,0.9856691470233996,17
REACTOME_CELL_SURFACE_INTERACTIONS_AT_THE_VASCULAR_WALL,5.016488234214658e-7,1.5005843065824716e-5,0.6594443980379349,0.5507701301269634,2.3751442369046623,51
REACTOME_CHEMOKINE_RECEPTORS_BIND_CHEMOKINES,7.021242009616279e-8,3.0191340641349996e-6,0.7049757151672383,0.7666917233402474,2.4849766456361544,18
REACTOME_CHONDROITIN_SULFATE_DERMATAN_SULFATE_METABOLISM,0.16104294478527606,0.360904058671889,0.13355495455759195,0.3871074428602453,1.2801041506007946,19
REACTOME_CHROMATIN_MODIFYING_ENZYMES,0.14814814814814814,0.34765599530547037,0.12878871306171366,0.30912100036778223,1.2807913284401715,42
REACTOME_CILIUM_ASSEMBLY,0.4834710743801653,0.704720549096512,0.12563992130984047,-0.19421203166447948,-0.9931462022203158,48
REACTOME_CIRCADIAN_CLOCK,0.5772727272727273,0.7772282512008539,0.0582216241124161,0.27125252410007017,0.9274523739149676,22
REACTOME_CLASS_A_1_RHODOPSIN_LIKE_RECEPTORS,4.934928890174114e-5,7.895886224278582e-4,0.557332238758646,0.42192087235528875,2.0087678594838723,84
REACTOME_CLASS_B_2_SECRETIN_FAMILY_RECEPTORS,0.5557184750733137,0.7677395800209635,0.05846932103863807,0.2618769110769616,0.9462357733536312,27
REACTOME_CLASS_I_MHC_MEDIATED_ANTIGEN_PROCESSING_PRESENTATION,0.10648714810281518,0.2817813765182186,0.14826150047510658,0.26556020872860486,1.285490486329361,98
REACTOME_CLATHRIN_MEDIATED_ENDOCYTOSIS,0.6974063400576369,0.8598845196409574,0.04716424556708607,0.22734953054594956,0.8340951270948668,28
REACTOME_CLEC7A_DECTIN_1_SIGNALING,0.19658119658119658,0.40132897106190873,0.11426650248443287,0.33276532062914077,1.2520167678144951,31
REACTOME_COLLAGEN_BIOSYNTHESIS_AND_MODIFYING_ENZYMES,0.008289488889446691,0.041941149132697184,0.3807304007227924,0.5003123672067453,1.6981554134018537,21
REACTOME_COLLAGEN_DEGRADATION,0.0027522108165902765,0.017532602239019538,0.4317076958033464,0.6013400982733134,1.8728692582158313,16
REACTOME_COLLAGEN_FORMATION,0.005952787612311469,0.03384725518405199,0.40701791892395395,0.485384767223098,1.7807693208543338,28
REACTOME_COMPLEMENT_CASCADE,1.4898770103407503e-7,6.0296199006731545e-6,0.6901324587967956,0.6745200777238669,2.4746649293978566,28
REACTOME_CONSTITUTIVE_SIGNALING_BY_ABERRANT_PI3K_IN_CANCER,0.11216429699842022,0.2923069558140648,0.16565669520548273,0.44661464630236214,1.3745634830274136,15
REACTOME_COPII_MEDIATED_VESICLE_TRANSPORT,0.9778129952456418,1,0.035996889024588974,0.1509480410072257,0.48058784103184243,17
REACTOME_COPI_DEPENDENT_GOLGI_TO_ER_RETROGRADE_TRAFFIC,0.7735294117647059,0.9175659229208925,0.0764767053228531,-0.18286620210495858,-0.7735391832916544,24
REACTOME_COPI_INDEPENDENT_GOLGI_TO_ER_RETROGRADE_TRAFFIC,0.20754716981132076,0.41533546325878595,0.15851410542482433,-0.3237792933063266,-1.228357637953086,17
REACTOME_COPI_MEDIATED_ANTEROGRADE_TRANSPORT,0.36,0.592535885167464,0.13145761164276346,-0.23547374104326335,-1.0601105043667725,31
REACTOME_COSTIMULATION_BY_THE_CD28_FAMILY,0.030752714779520757,0.11625202070500154,0.35248785758361917,0.45556514108598245,1.5576443868121495,22
REACTOME_CYCLIN_A_CDK2_ASSOCIATED_EVENTS_AT_S_PHASE_ENTRY,0.4716981132075472,0.6919579997586194,0.06977925170762346,0.3138909357187216,1.0173732424547697,18
REACTOME_CYTOKINE_SIGNALING_IN_IMMUNE_SYSTEM,5.203392034458386e-13,7.159867439414739e-11,0.9214260034948982,0.4374911775155494,2.393307331141728,225
REACTOME_CYTOPROTECTION_BY_HMOX1,0.8278041074249605,0.9438543879378567,0.04353782409140024,0.23398617518155262,0.7201484649029444,15
REACTOME_CYTOSOLIC_SENSORS_OF_PATHOGEN_ASSOCIATED_DNA,0.4968051118210863,0.7195829830166471,0.06799225915440577,0.3182650073206442,0.991233995351751,16
REACTOME_C_TYPE_LECTIN_RECEPTORS_CLRS,0.009762907156510434,0.046645000858883186,0.3807304007227924,0.4022453829733302,1.6715732483714367,43
REACTOME_DDX58_IFIH1_MEDIATED_INDUCTION_OF_INTERFERON_ALPHA_BETA,0.23636363636363636,0.45171717171717174,0.1063232559327084,0.3549073204888619,1.2134804569994049,22
REACTOME_DEADENYLATION_DEPENDENT_MRNA_DECAY,0.17615176151761516,0.38231044771015527,0.1737478389995708,-0.3458371454711802,-1.2603513274536657,15
REACTOME_DEATH_RECEPTOR_SIGNALING,0.33553500660501984,0.5699952704796387,0.07829552499447937,0.2607090299498261,1.1018741935595906,46
REACTOME_DEGRADATION_OF_BETA_CATENIN_BY_THE_DESTRUCTION_COMPLEX,0.25306748466257667,0.4693003489160451,0.10282184284081514,0.3557956418238418,1.1765608909483136,19
REACTOME_DEGRADATION_OF_THE_EXTRACELLULAR_MATRIX,0.006265523302997931,0.03533344288903751,0.40701791892395395,0.47035523713300503,1.749077428062975,30
REACTOME_DEUBIQUITINATION,0.603112840466926,0.7949073452897416,0.048995408986248136,0.21099409070779374,0.9183170901928627,53
REACTOME_DEVELOPMENTAL_BIOLOGY,0.16885964912280702,0.3735544649404863,0.10714023727672473,0.21567524472249733,1.1796906399911238,224
REACTOME_DISEASES_ASSOCIATED_WITH_GLYCOSAMINOGLYCAN_METABOLISM,2.286736769610308e-4,0.002458242027331081,0.5188480777437918,0.5982419282668462,2.030546985440602,21
REACTOME_DISEASES_OF_GLYCOSYLATION,4.1606213163661776e-4,0.003975704813416569,0.49849310876659025,0.475626846192972,1.9765176828795603,43
REACTOME_DISEASES_OF_IMMUNE_SYSTEM,3.9189528507065037e-4,0.003797520508853626,0.49849310876659025,0.6091498574784427,2.0369591700911265,20
REACTOME_DISEASES_OF_METABOLISM,4.2949135139022746e-4,0.004047808900773651,0.49849310876659025,0.42194217959582536,1.9142398263555864,67
REACTOME_DISEASES_OF_SIGNAL_TRANSDUCTION_BY_GROWTH_FACTOR_RECEPTORS_AND_SECOND_MESSENGERS,0.32063882063882065,0.5501234628416674,0.07687367341265418,0.22743289724606697,1.0875850709980655,88
REACTOME_DISORDERS_OF_TRANSMEMBRANE_TRANSPORTERS,0.4047936085219707,0.635840188728575,0.06911984565510101,0.2500077717152125,1.0508783117312284,45
REACTOME_DNA_DOUBLE_STRAND_BREAK_REPAIR,0.5422960725075529,0.7567945190369094,0.06103637283091772,0.2730938416422287,0.9526252029069231,24
REACTOME_DNA_REPAIR,0.3351278600269179,0.5699952704796387,0.07934349601349727,0.26875000000000004,1.0971632323321399,40
REACTOME_DNA_REPLICATION,0.5706051873198847,0.7708683473389356,0.056411838821759604,0.2503945567659307,0.9186422296452932,28
REACTOME_DNA_REPLICATION_PRE_INITIATION,0.5651515151515152,0.7684273565696491,0.05922191938038196,0.2730138303050069,0.9334745395201699,22
REACTOME_DOWNSTREAM_SIGNALING_EVENTS_OF_B_CELL_RECEPTOR_BCR,0.5636363636363636,0.7684273565696491,0.05934876803356285,0.2768947570448014,0.9398335148967332,21
REACTOME_DRUG_ADME,0.00975939304523459,0.046645000858883186,0.3807304007227924,0.4857842824768327,1.7201434048682445,25
REACTOME_ECM_PROTEOGLYCANS,0.008575855377093157,0.04244739927654743,0.3807304007227924,0.4879762032033143,1.690377989187635,23
REACTOME_ELASTIC_FIBRE_FORMATION,0.04472843450479233,0.15620894893044224,0.27128855468895297,0.4902821383550426,1.5269800690392945,16
REACTOME_EPH_EPHRIN_MEDIATED_REPULSION_OF_CELLS,0.6501597444089456,0.8283516743580641,0.05513517633852569,0.27968590053882714,0.871079654557648,16
REACTOME_EPH_EPHRIN_SIGNALING,0.8709677419354839,0.9601226837060703,0.03777050013247901,0.18883102341626606,0.6823002025670649,27
REACTOME_EPIGENETIC_REGULATION_OF_GENE_EXPRESSION,0.33965244865718797,0.5741535526943252,0.08730982576379309,0.36029277218664224,1.108887252011856,15
REACTOME_ER_TO_GOLGI_ANTEROGRADE_TRANSPORT,0.8804780876494024,0.9661386352516569,0.0857844408075645,-0.14981012041877928,-0.7430921411390701,45
REACTOME_ESR_MEDIATED_SIGNALING,0.0162402735813228,0.07027237876698167,0.35248785758361917,0.3780906635867002,1.6087866521830814,48
REACTOME_ESTROGEN_DEPENDENT_GENE_EXPRESSION,0.0637037037037037,0.19881013088560257,0.21654283673534816,0.4116715776307792,1.457713175944637,25
REACTOME_EXTRACELLULAR_MATRIX_ORGANIZATION,4.735499004176728e-6,9.87279792385936e-5,0.610526878385931,0.44962180073400904,2.128724462091212,81
REACTOME_EXTRA_NUCLEAR_ESTROGEN_SIGNALING,0.25150602409638556,0.4676652556170629,0.10208010766274725,0.3477882328251252,1.204758694802811,23
REACTOME_FACTORS_INVOLVED_IN_MEGAKARYOCYTE_DEVELOPMENT_AND_PLATELET_PRODUCTION,0.4748299319727891,0.693594465387004,0.06238614928936257,0.24625514023324943,0.9881993244782128,37
REACTOME_FATTY_ACID_METABOLISM,0.5086092715231788,0.7274910162327382,0.057852975703250924,0.2317524215265213,0.9782395727788767,47
REACTOME_FCERI_MEDIATED_NF_KB_ACTIVATION,0.5437037037037037,0.757222971959814,0.059989249649032995,0.26837197039007854,0.950294794562451,25
REACTOME_FCGAMMA_RECEPTOR_FCGR_DEPENDENT_PHAGOCYTOSIS,0.002178180725220578,0.014272269894778644,0.4317076958033464,0.5377779998940848,1.9253857594174897,26
REACTOME_FCGR3A_MEDIATED_IL10_SYNTHESIS,7.712113655052861e-5,0.0010828437131992588,0.5384340963099162,0.655839635563046,2.1687597464145427,19
REACTOME_FC_EPSILON_RECEPTOR_FCERI_SIGNALING,0.46825396825396826,0.6883733550400217,0.06170540536375225,0.24156766108518812,1.0008953296002914,42
REACTOME_FORMATION_OF_THE_CORNIFIED_ENVELOPE,0.050314465408805034,0.17026930215897618,0.2529611230696109,0.4771949647870607,1.5466690285174278,18
REACTOME_FOXO_MEDIATED_TRANSCRIPTION,0.09276729559748427,0.2531326213102346,0.18302393838448722,0.43564557488553746,1.4120004773872685,18
REACTOME_G2_M_CHECKPOINTS,0.4984848484848485,0.7204991087344028,0.06523530560177027,0.28985886371683955,0.9910701924207768,22
REACTOME_GABA_RECEPTOR_ACTIVATION,0.5987361769352291,0.7906535311543907,0.05846932103863807,0.292576010643249,0.9004727085635725,15
REACTOME_GAP_JUNCTION_ASSEMBLY,0.6666666666666666,0.8431372549019607,0.05345721410899102,0.2777306079697678,0.8547824281960321,15
REACTOME_GAP_JUNCTION_TRAFFICKING_AND_REGULATION,0.7269938650306749,0.8884045810676808,0.048118399265797474,0.2436740616277565,0.80579225079911,19
REACTOME_GASTRULATION,0.03443954385824633,0.12738928050792192,0.3217759180753611,0.5035228581449595,1.5497121274591596,15
REACTOME_GLUCOSE_METABOLISM,0.6160990712074303,0.7997663414919095,0.05617665863071758,0.2688321274278249,0.8989578844292733,20
REACTOME_GLYCEROPHOSPHOLIPID_BIOSYNTHESIS,0.9829351535836177,1,0.07182762936038092,-0.1196409672155532,-0.5474184655403976,33
REACTOME_GLYCOLYSIS,0.8286163522012578,0.9438543879378567,0.0432768714901103,0.2196292144718964,0.71185517209486,18
REACTOME_GLYCOSAMINOGLYCAN_METABOLISM,0.008801560882912573,0.04325338491031322,0.3807304007227924,0.41802695707494203,1.6871981209065579,38
REACTOME_GOLGI_ASSOCIATED_VESICLE_BIOGENESIS,0.8009478672985783,0.924584115270842,0.04504427671527945,0.2419030192131747,0.74451444751634,15
REACTOME_GOLGI_TO_ER_RETROGRADE_TRANSPORT,0.5051194539249146,0.724004550625711,0.10968406197054928,-0.21382335939425481,-0.9783509613843999,33
REACTOME_GPCR_LIGAND_BINDING,4.751544810954548e-4,0.004245536142774973,0.49849310876659025,0.3650861135111641,1.825598133577317,115
REACTOME_G_ALPHA_12_13_SIGNALLING_EVENTS,0.44545454545454544,0.6691544263596665,0.07078990945026231,0.30629639196645897,1.0396282606949032,21
REACTOME_G_ALPHA_I_SIGNALLING_EVENTS,6.176281714931738e-4,0.00511961665044944,0.47727081536286214,0.39015681094262283,1.846511194781328,80
REACTOME_G_ALPHA_Q_SIGNALLING_EVENTS,0.4085603112840467,0.6383203734521944,0.06736238681662789,0.23560471762715368,1.0363165549480498,57
REACTOME_G_ALPHA_S_SIGNALLING_EVENTS,0.8885630498533724,0.9703562906943827,0.03683896068705055,0.1814822551738337,0.6557470124729944,27
REACTOME_HCMV_EARLY_EVENTS,0.908256880733945,0.9803362781419208,0.07028128417173922,-0.15132223837347097,-0.6400368964412831,25
REACTOME_HCMV_INFECTION,0.9966996699669967,1,0.06944814420031753,-0.10752705640800538,-0.4704174256735873,29
REACTOME_HEDGEHOG_OFF_STATE,0.9937694704049844,1,0.06674261342419166,-0.1015076414295775,-0.4323915919661226,26
REACTOME_HEDGEHOG_ON_STATE,0.296969696969697,0.5212625334493987,0.09255288646847727,0.33960016125535253,1.152667593342962,21
REACTOME_HEME_SIGNALING,0.19589257503949448,0.40132897106190873,0.12154328203546907,0.4111110970620314,1.2652928115264503,15
REACTOME_HEMOSTASIS,3.944059262203272e-7,1.2334148965435687e-5,0.674962860011025,0.38446847635571707,2.044242484566784,181
REACTOME_HEPARAN_SULFATE_HEPARIN_HS_GAG_METABOLISM,0.23064770932069512,0.44574613486696135,0.11056471633661853,0.39795065404251295,1.2247883978336533,15
REACTOME_HIV_INFECTION,0.2208994708994709,0.43053494611568266,0.10208010766274725,0.2899489361468809,1.2013550767031065,42
REACTOME_HIV_LIFE_CYCLE,0.37801204819277107,0.6104983313535833,0.07892096381800347,0.31134322888033716,1.0785110784647283,23
REACTOME_HOMOLOGY_DIRECTED_REPAIR,0.6853035143769968,0.8521374708041374,0.05269730857084192,0.27269399707174236,0.8493034232743584,16
REACTOME_HOST_INTERACTIONS_OF_HIV_FACTORS,0.2719424460431655,0.495571141624683,0.09466462231533423,0.31563698079212466,1.1737373690799133,30
REACTOME_HSP90_CHAPERONE_CYCLE_FOR_STEROID_HORMONE_RECEPTORS_SHR_IN_THE_PRESENCE_OF_LIGAND,0.7666666666666667,0.916491963661775,0.04513442222090974,0.22466815904310494,0.7681735612928782,22
REACTOME_IMMUNOREGULATORY_INTERACTIONS_BETWEEN_A_LYMPHOID_AND_A_NON_LYMPHOID_CELL,7.33221395712614e-10,5.044563202502784e-8,0.8012155746177786,0.6523691117914079,2.71098886772469,43
REACTOME_INFECTIOUS_DISEASE,0.016211549940028346,0.07027237876698167,0.35248785758361917,0.26148186695240183,1.4250876707026359,215
REACTOME_INFLUENZA_INFECTION,0.2147239263803681,0.4245116705450956,0.11331290842208036,0.36788134041384357,1.216526417866784,19
REACTOME_INITIAL_TRIGGERING_OF_COMPLEMENT,9.376202473866405e-6,1.843093514862882e-4,0.5933254763964051,0.7106020786578465,2.262412393934721,17
REACTOME_INNATE_IMMUNE_SYSTEM,1.7734089729475997e-26,1.2201053733879486e-23,1.334497490816582,0.4857369379110786,2.7885108619412753,340
REACTOME_INTEGRATION_OF_ENERGY_METABOLISM,0.4169381107491857,0.6417302465222365,0.11934844059101546,-0.2331691041483064,-1.0308935402354944,30
REACTOME_INTEGRIN_CELL_SURFACE_INTERACTIONS,0.0026104302593719896,0.01678482260231709,0.4317076958033464,0.5338630943932823,1.8253566335772653,22
REACTOME_INTERFERON_ALPHA_BETA_SIGNALING,0.09004739336492891,0.2488056491368317,0.18643255843407516,0.46018584399603446,1.4163320925549179,15
REACTOME_INTERFERON_GAMMA_SIGNALING,0.0014383732794704272,0.010640868992211332,0.45505986738722953,0.5049773273846085,1.926740968877078,32
REACTOME_INTERFERON_SIGNALING,0.002888079967675915,0.017900892051901166,0.4317076958033464,0.40891903418236947,1.7663726558579897,52
REACTOME_INTERLEUKIN_10_SIGNALING,1.2352817040686323e-6,3.399495249596876e-5,0.6435518361507222,0.7251619691821094,2.3979979298486267,19
REACTOME_INTERLEUKIN_12_FAMILY_SIGNALING,0.296998420221169,0.5212625334493987,0.09497515259055948,0.3759698216783723,1.1571371245392263,15
REACTOME_INTERLEUKIN_17_SIGNALING,0.5909090909090909,0.7852164833296909,0.05712585100181134,0.2685654414876407,0.9182648422742153,22
REACTOME_INTERLEUKIN_1_FAMILY_SIGNALING,0.015588193203360145,0.06919146402523728,0.3807304007227924,0.3787083296963505,1.6251250957670833,50
REACTOME_INTERLEUKIN_1_SIGNALING,0.06512890094979647,0.20010822510822512,0.20429475651688608,0.3508351921771174,1.4200774180458882,39
REACTOME_INTERLEUKIN_2_FAMILY_SIGNALING,0.09105431309904154,0.2505814696485623,0.18643255843407516,0.45127101914700013,1.4054802287606767,16
REACTOME_INTERLEUKIN_3_INTERLEUKIN_5_AND_GM_CSF_SIGNALING,0.13050314465408805,0.3157598637945074,0.15214492236756472,0.4128666577335685,1.338170181047415,18
REACTOME_INTERLEUKIN_4_AND_INTERLEUKIN_13_SIGNALING,3.0010266422982625e-8,1.6924624599075617e-6,0.7195128263389107,0.6122142103546924,2.551538223982364,44
REACTOME_INTRACELLULAR_SIGNALING_BY_SECOND_MESSENGERS,0.5639686684073107,0.7684273565696491,0.052375908409799665,0.2121752900398235,0.9290362475941304,56
REACTOME_INTRAFLAGELLAR_TRANSPORT,0.20212765957446807,0.41020386531463093,0.1596467019199062,-0.3269604316055868,-1.2212043165223734,16
REACTOME_INTRA_GOLGI_AND_RETROGRADE_GOLGI_TO_ER_TRAFFIC,0.871900826446281,0.9601226837060703,0.08835944425009051,-0.14577395354197772,-0.7454473705983821,48
REACTOME_INTRINSIC_PATHWAY_FOR_APOPTOSIS,0.14533965244865718,0.3436208965109146,0.14375898903927542,0.43221556072836675,1.330246850371347,15
REACTOME_ION_CHANNEL_TRANSPORT,0.6907216494845361,0.8547059259808648,0.04250231800365528,0.19460612362457697,0.8508448121312173,54
REACTOME_ION_HOMEOSTASIS,0.9073033707865169,0.9803362781419208,0.06613262047584399,-0.16818835028575013,-0.6693997176972535,20
REACTOME_ION_TRANSPORT_BY_P_TYPE_ATPASES,0.898876404494382,0.9754368553503703,0.06658921041039328,-0.1718613164359507,-0.6840183431839686,20
REACTOME_IRE1ALPHA_ACTIVATES_CHAPERONES,0.13031914893617022,0.3157598637945074,0.20207170902115992,-0.36694729136163984,-1.3705561065798721,16
REACTOME_IRON_UPTAKE_AND_TRANSPORT,0.6273584905660378,0.8097985769407767,0.05605958750323349,0.2725032318226049,0.8832287428242287,18
REACTOME_KEAP1_NFE2L2_PATHWAY,0.7485714285714286,0.9083194759385235,0.07667468724900914,-0.20399194286760666,-0.793255823607831,19
REACTOME_KERATINIZATION,0.05521472392638037,0.18114797261716692,0.2377938344236881,0.45740702751612317,1.5125739513325516,19
REACTOME_L1CAM_INTERACTIONS,0.29,0.512904884318766,0.14826150047510658,-0.24771743088415937,-1.1152319975533858,31
REACTOME_LATE_SARS_COV_2_INFECTION_EVENTS,0.4643423137876387,0.6855526006135095,0.0709609456938284,0.32180120812740254,1.0245495524382717,17
REACTOME_LEISHMANIA_INFECTION,1.1022376726538488e-5,2.106498663294022e-4,0.5933254763964051,0.5140595465300495,2.24753923538088,54
REACTOME_MAPK6_MAPK4_SIGNALING,0.3665644171779141,0.5981248074186023,0.0815265143256594,0.3290756163769746,1.0882019195320958,19
REACTOME_MAPK_FAMILY_SIGNALING_CASCADES,0.9759188846641318,1,0.02499007722455453,0.12766853095607061,0.5876663324806125,71
REACTOME_MEMBRANE_TRAFFICKING,1,1,0.018625883535805954,0.05628186362125576,0.28815113672876747,139
REACTOME_METABOLISM_OF_AMINO_ACIDS_AND_DERIVATIVES,0.987012987012987,1,0.025692747653037463,0.1132967434972455,0.5044842000394775,60
REACTOME_METABOLISM_OF_CARBOHYDRATES,0.06415094339622641,0.19881013088560257,0.19782202131510335,0.2967944334884847,1.3831786908687593,75
REACTOME_METABOLISM_OF_LIPIDS,0.7931818181818182,0.9233656360559914,0.03006180958100875,0.15904155517851237,0.8394098742417813,174
REACTOME_METABOLISM_OF_NUCLEOTIDES,1,1,0.06553210292824141,-0.09039957359460045,-0.3823566393480404,25
REACTOME_METABOLISM_OF_RNA,0.019348122814609438,0.08058034927064209,0.35248785758361917,0.297268198191849,1.498567090972173,121
REACTOME_METABOLISM_OF_STEROIDS,0.9962264150943396,1,0.0762797180809272,-0.1007131872280289,-0.4791498213859668,39
REACTOME_METABOLISM_OF_VITAMINS_AND_COFACTORS,0.00827611757064739,0.041941149132697184,0.3807304007227924,0.39946111455486727,1.699718535934388,48
REACTOME_METABOLISM_OF_WATER_SOLUBLE_VITAMINS_AND_COFACTORS,0.05063291139240506,0.17026930215897618,0.2377938344236881,0.39194898406134093,1.4954813302450698,32
REACTOME_MHC_CLASS_II_ANTIGEN_PRESENTATION,0.39348710990502034,0.625217394029224,0.07147862874255066,0.2604305243831842,1.0541459776352806,39
REACTOME_MITOTIC_G1_PHASE_AND_G1_S_TRANSITION,0.43319268635724334,0.6564682119246331,0.06847149044920875,0.2631470406314669,1.0274104410049418,35
REACTOME_MITOTIC_G2_G2_M_PHASES,1,1,0.02534155009766152,0.09414460056632834,0.4059897101160158,51
REACTOME_MITOTIC_METAPHASE_AND_ANAPHASE,0.8744588744588745,0.9610666224084755,0.09082414190071554,-0.13386326659129125,-0.7057483165138803,53
REACTOME_MITOTIC_PROMETAPHASE,0.6081632653061224,0.7966487017356669,0.10925003948071095,-0.1815498794662791,-0.9041686736659821,46
REACTOME_MITOTIC_PROPHASE,0.5911949685534591,0.7852164833296909,0.05884381695958071,0.2810325887953131,0.9108738213274014,18
REACTOME_MITOTIC_SPINDLE_CHECKPOINT,0.7291021671826625,0.8894012252157302,0.048408761881695135,0.24120879120879124,0.8065871691954406,20
REACTOME_MOLECULES_ASSOCIATED_WITH_ELASTIC_FIBRES,0.02398912540882657,0.09377567205268568,0.35248785758361917,0.5184095790249383,1.5955295744978026,15
REACTOME_MRNA_SPLICING,0.03884892086330935,0.13920863309352519,0.27650059925447157,0.41064220183486233,1.5270267013872663,30
REACTOME_MUSCLE_CONTRACTION,0.6760925449871465,0.8501355578727842,0.04336369878832656,0.1925774827314637,0.867413048825322,62
REACTOME_MYD88_INDEPENDENT_TLR4_CASCADE,0.11216216216216217,0.2923069558140648,0.15214492236756472,0.3359253381683906,1.3558278712178844,38
REACTOME_M_PHASE,0.6947368421052632,0.8581309647547954,0.11724971674979229,-0.15389405029408595,-0.8798373874344652,79
REACTOME_NEDDYLATION,0.9755102040816327,1,0.0815265143256594,-0.12178535873558549,-0.6065248107220182,46
REACTOME_NEGATIVE_REGULATION_OF_THE_PI3K_AKT_NETWORK,0.18636363636363637,0.39090909090909093,0.12210792028708148,0.3743036330729316,1.2704577828197452,21
REACTOME_NERVOUS_SYSTEM_DEVELOPMENT,1,1,0.018928789124215306,0.09327234690752795,0.4699136102155706,119
REACTOME_NEUREXINS_AND_NEUROLIGINS,0.006473652351949738,0.0362103481149709,0.40701791892395395,-0.5309383342859791,-1.9349246984492474,15
REACTOME_NEURONAL_SYSTEM,0.006651329878460891,0.0366325288075982,0.40701791892395395,-0.2591974075519822,-1.5724156452641953,101
REACTOME_NEUROTRANSMITTER_RECEPTORS_AND_POSTSYNAPTIC_SIGNAL_TRANSMISSION,0.19327731092436976,0.3981557651470222,0.2089550275493539,-0.23086404009862915,-1.1847540186059002,49
REACTOME_NEUROTRANSMITTER_RELEASE_CYCLE,0.5878594249201278,0.7838125665601703,0.05986031177644726,0.2924117777802614,0.9107143044633292,16
REACTOME_NEUTROPHIL_DEGRANULATION,3.7931211350520974e-19,1.3048336704579215e-16,1.133089932009015,0.5272766193653267,2.7873655327919287,177
REACTOME_NOD1_2_SIGNALING_PATHWAY,0.18009478672985782,0.3847987989755968,0.1275053153001827,0.41586778555892073,1.279932659014869,15
REACTOME_NON_INTEGRIN_MEMBRANE_ECM_INTERACTIONS,0.03311912414678197,0.12383672507057607,0.3217759180753611,0.49628791638290115,1.5800797193070748,17
REACTOME_NR1H2_AND_NR1H3_MEDIATED_SIGNALING,0.7763578274760383,0.9193359471661177,0.04697587278218445,0.2492760422022295,0.77636837721418,16
REACTOME_NUCLEAR_ENVELOPE_NE_REASSEMBLY,0.9201183431952663,0.9875841187493654,0.06799225915440577,-0.1540799380385122,-0.6385684733093923,23
REACTOME_NUCLEAR_EVENTS_KINASE_AND_TRANSCRIPTION_FACTOR_ACTIVATION,0.8542857142857143,0.9558913802394507,0.06994587365016587,-0.18390771912355888,-0.7151550553929383,19
REACTOME_NUCLEAR_EVENTS_MEDIATED_BY_NFE2L2,0.7601078167115903,0.9142555557649897,0.0728938564822936,-0.20391726157788762,-0.7736236718902654,17
REACTOME_NUCLEOTIDE_BINDING_DOMAIN_LEUCINE_RICH_REPEAT_CONTAINING_RECEPTOR_NLR_SIGNALING_PATHWAYS,0.03838140824871673,0.13825344960794297,0.3217759180753611,0.4434221938656417,1.5467765763758312,24
REACTOME_ONCOGENIC_MAPK_SIGNALING,0.30327868852459017,0.5282423739365013,0.12944288774504625,-0.2845111680703039,-1.1026437695063354,18
REACTOME_OPIOID_SIGNALLING,0.8,0.924584115270842,0.04319019983341822,0.21473067057530226,0.7341958230182067,22
REACTOME_ORGANELLE_BIOGENESIS_AND_MAINTENANCE,0.5714285714285714,0.7708683473389356,0.11934844059101546,-0.169397632243123,-0.9243934759357332,62
REACTOME_O_LINKED_GLYCOSYLATION,0.09818731117824774,0.2619883040935672,0.1737478389995708,0.3906566337939282,1.3627160275639503,24
REACTOME_P75_NTR_RECEPTOR_MEDIATED_SIGNALLING,0.5422960725075529,0.7567945190369094,0.06103637283091772,0.2730716857801814,0.9525479172660185,24
REACTOME_PARASITE_INFECTION,4.662709986226097e-4,0.004245536142774973,0.49849310876659025,0.6328378918898627,2.0148270501366303,17
REACTOME_PCP_CE_PATHWAY,0.5363636363636364,0.7546384086261386,0.06170540536375225,0.27884346225312406,0.9534069106834228,22
REACTOME_PEPTIDE_HORMONE_METABOLISM,0.8969889064976229,0.9749263312328034,0.04000315174981936,0.19440260347745397,0.6189383238946883,17
REACTOME_PEPTIDE_LIGAND_BINDING_RECEPTORS,5.3314312493888376e-5,8.336419771771637e-4,0.557332238758646,0.4883463445229045,2.091407287058085,49
REACTOME_PEROXISOMAL_PROTEIN_IMPORT,0.5203252032520326,0.7381108037884504,0.09374654224917187,-0.2556267154620311,-0.9315930182289793,15
REACTOME_PHASE_II_CONJUGATION_OF_COMPOUNDS,0.38333333333333336,0.6147630147630149,0.07850290473486872,0.3163962865628205,1.073909225563621,21
REACTOME_PHASE_I_FUNCTIONALIZATION_OF_COMPOUNDS,0.07331378299120235,0.21648018325299237,0.19991523130966152,0.39119353081856456,1.4134935059481333,27
REACTOME_PHOSPHOLIPID_METABOLISM,0.8204456094364351,0.9393342384369611,0.03531570464798794,0.17526984661279016,0.7521234784829648,50
REACTOME_PI3K_AKT_SIGNALING_IN_CANCER,0.17337461300309598,0.378672170622635,0.12878871306171366,0.38519734657486543,1.288075927077122,20
REACTOME_PI_METABOLISM,0.31061806656101426,0.5356020796841549,0.09255288646847727,0.3572934010520463,1.137549471200541,17
REACTOME_PLASMA_LIPOPROTEIN_ASSEMBLY_REMODELING_AND_CLEARANCE,0.9746434231378764,1,0.03614919293989572,0.15980769054760818,0.5087951620179251,17
REACTOME_PLATELET_ACTIVATION_SIGNALING_AND_AGGREGATION,4.690690090989776e-4,0.004245536142774973,0.49849310876659025,0.40358190021738916,1.9104530294396411,79
REACTOME_PLATELET_HOMEOSTASIS,0.834319526627219,0.9487798914372342,0.0728938564822936,-0.17450870432699722,-0.7232333963779077,23
REACTOME_POST_TRANSLATIONAL_MODIFICATION_SYNTHESIS_OF_GPI_ANCHORED_PROTEINS,0.11764705882352941,0.30543840177580467,0.1596467019199062,0.41086300184215696,1.3739002791823958,20
REACTOME_POST_TRANSLATIONAL_PROTEIN_MODIFICATION,0.9914163090128756,1,0.01317021444000054,0.1142201336185159,0.649154520879567,321
REACTOME_POTASSIUM_CHANNELS,0.18831168831168832,0.3921792167816223,0.1847064712077387,-0.2826080613536643,-1.2266346301519122,28
REACTOME_POTENTIAL_THERAPEUTICS_FOR_SARS,0.34048640915593703,0.5741535526943252,0.08175155825321447,0.2996710134105271,1.1089810235430404,29
REACTOME_PROCESSING_OF_CAPPED_INTRON_CONTAINING_PRE_MRNA,0.02164842803695402,0.08761246170249627,0.35248785758361917,0.3697092381302908,1.562558338292864,46
REACTOME_PROGRAMMED_CELL_DEATH,0.00690297346553993,0.03739563578182262,0.40701791892395395,0.3920487803484356,1.7063278595884273,53
REACTOME_PROTEIN_FOLDING,0.78125,0.9219554030874785,0.07913166517683488,-0.1780660041870943,-0.7649236204154578,27
REACTOME_PROTEIN_LOCALIZATION,0.15357142857142858,0.3549379502276579,0.21654283673534816,-0.2662065651759833,-1.2448929298792535,36
REACTOME_PROTEIN_PROTEIN_INTERACTIONS_AT_SYNAPSES,0.001648643741370283,0.011342668940627547,0.45505986738722953,-0.505359519691544,-2.031347974547975,21
REACTOME_PTEN_REGULATION,0.7015151515151515,0.8634032634032635,0.04919275210451909,0.24192136519215346,0.8271648169638341,22
REACTOME_RAB_GEFS_EXCHANGE_GTP_FOR_GDP_ON_RABS,0.4239766081871345,0.6511069340016709,0.11101149245045029,-0.24807621839501648,-1.0151740801522435,22
REACTOME_RAB_GERANYLGERANYLATION,0.9171428571428571,0.9859285714285714,0.06643641376628104,-0.16920914759218483,-0.6579972711095362,19
REACTOME_RAB_REGULATION_OF_TRAFFICKING,0.35064935064935066,0.5841325744473445,0.13145761164276346,-0.2483492296404989,-1.0779372817230355,28
REACTOME_RAC1_GTPASE_CYCLE,0.0071278891431203984,0.03801540876330879,0.40701791892395395,0.393185424600525,1.7259157727115968,55
REACTOME_RAC2_GTPASE_CYCLE,0.12376933895921238,0.30992811955265687,0.1473312136993771,0.3527558807093246,1.3459400462494646,32
REACTOME_RAC3_GTPASE_CYCLE,0.03938115330520394,0.1403846293988617,0.27128855468895297,0.4034937110487523,1.539530235522365,32
REACTOME_RECRUITMENT_OF_MITOTIC_CENTROSOME_PROTEINS_AND_COMPLEXES,0.42813455657492355,0.6529110386585933,0.11331290842208036,-0.23986926731823816,-1.014557959598124,25
REACTOME_RECRUITMENT_OF_NUMA_TO_MITOTIC_CENTROSOMES,0.594059405940594,0.785986290936786,0.09754492162471996,-0.2052724285906128,-0.8980412060473013,29
REACTOME_REGULATED_NECROSIS,0.02467357953795876,0.09536754338267206,0.35248785758361917,0.5031208143984918,1.6637423398693918,19
REACTOME_REGULATION_OF_CHOLESTEROL_BIOSYNTHESIS_BY_SREBP_SREBF,0.5028571428571429,0.72377764494919306,0.09889030075206362,-0.24684123786852225,-0.9598822712956518,19
REACTOME_REGULATION_OF_EXPRESSION_OF_SLITS_AND_ROBOS,0.7795527156549521,0.9215331071659915,0.046788296531802984,0.24839345191845041,0.7736195563475253,16
REACTOME_REGULATION_OF_HSF1_MEDIATED_HEAT_SHOCK_RESPONSE,0.30873493975903615,0.5343079031521242,0.08998607949971373,0.3318015373867559,1.149379850688139,23
REACTOME_REGULATION_OF_INSULIN_LIKE_GROWTH_FACTOR_IGF_TRANSPORT_AND_UPTAKE_BY_INSULIN_LIKE_GROWTH_FACTOR_BINDING_PROTEINS_IGFBPS,6.264078589777925e-5,9.22678605908976e-4,0.5384340963099162,0.5480890176727955,2.1695062944541097,36
REACTOME_REGULATION_OF_INSULIN_SECRETION,0.6713483146067416,0.8467053284802888,0.0815265143256594,-0.213003663003663,-0.847767349170637,20
REACTOME_REGULATION_OF_LIPID_METABOLISM_BY_PPARALPHA,0.9750733137829912,1,0.03243306946567148,0.14604183437235763,0.5276906907180481,27
REACTOME_REGULATION_OF_MRNA_STABILITY_BY_PROTEINS_THAT_BIND_AU_RICH_ELEMENTS,0.35909090909090907,0.5924569435360801,0.08197787965012722,0.3228150456115155,1.095695715645245,21
REACTOME_REGULATION_OF_PLK1_ACTIVITY_AT_G2_M_TRANSITION,0.7869822485207101,0.9233656360559914,0.07588869006061172,-0.1850248522906586,-0.7668164912034809,23
REACTOME_REGULATION_OF_TP53_ACTIVITY,0.1490857946554149,0.34769839567093375,0.13284630060618333,0.3426187178257315,1.3072617017440629,32
REACTOME_RESOLUTION_OF_SISTER_CHROMATID_COHESION,0.788961038961039,0.9233656360559914,0.08063884959506612,-0.1762245578939831,-0.764886692759472,28
REACTOME_RESPONSE_TO_ELEVATED_PLATELET_CYTOSOLIC_CA2,5.685104529497202e-5,8.691893147320167e-4,0.557332238758646,0.5246374076280397,2.1737476310760475,42
REACTOME_RHOA_GTPASE_CYCLE,0.07894736842105263,0.2263157894736842,0.18643255843407516,0.3618700983230369,1.4323940651466254,36
REACTOME_RHOC_GTPASE_CYCLE,0.5641838351822503,0.7684273565696491,0.06143641072012707,0.2947477682024411,0.9384169057390045,17
REACTOME_RHOG_GTPASE_CYCLE,0.5829662261380323,0.779632691093811,0.05629407497009682,0.255957001590597,0.9163929464998477,26
REACTOME_RHOJ_GTPASE_CYCLE,0.16981132075471697,0.37445573294629897,0.13145761164276346,0.39741368744459993,1.288084508925512,18
REACTOME_RHOQ_GTPASE_CYCLE,0.23773006134969324,0.4518184591397485,0.10672988436460558,0.35966371912333245,1.1893520214141524,19
REACTOME_RHO_GTPASES_ACTIVATE_FORMINS,0.9771986970684039,1,0.06977925170762346,-0.12495725425266192,-0.5524643871029304,30
REACTOME_RHO_GTPASE_CYCLE,0.008323931271205873,0.041941149132697184,0.3807304007227924,0.30811071114543553,1.56007118262217,123
REACTOME_RHO_GTPASE_EFFECTORS,0.7917737789203085,0.9233656360559914,0.03607299763882261,0.17439263118651083,0.7855043163125033,62
REACTOME_RNA_POLYMERASE_II_TRANSCRIPTION,0.01612774075014959,0.07027237876698167,0.35248785758361917,0.24625004776084436,1.376805214974061,284
REACTOME_ROS_AND_RNS_PRODUCTION_IN_PHAGOCYTES,0.10889570552147239,0.2870507486543027,0.16565669520548273,0.41854982698866555,1.3840792282437897,19
REACTOME_RRNA_PROCESSING,0.16831683168316833,0.3735544649404863,0.19782202131510335,-0.287936746807718,-1.259687261187129,29
REACTOME_RUNX1_REGULATES_TRANSCRIPTION_OF_GENES_INVOLVED_IN_DIFFERENTIATION_OF_HSCS,0.1484992101105845,0.34765599530547037,0.14205664357582118,0.42936835600760404,1.32148389628942,15
REACTOME_SARS_COV_1_HOST_INTERACTIONS,0.6572327044025157,0.8358153431218684,0.05389790253573186,0.26256319332447864,0.8510114085650898,18
REACTOME_SARS_COV_1_INFECTION,0.6837606837606838,0.8521374708041374,0.04754341942013011,0.22175614068377947,0.8343489819702338,31
REACTOME_SARS_COV_2_ACTIVATES_MODULATES_INNATE_AND_ADAPTIVE_IMMUNE_RESPONSES,0.21652421652421652,0.4259488559892328,0.10797236031734525,0.3266537893870536,1.2290223657005712,31
REACTOME_SARS_COV_2_HOST_INTERACTIONS,0.1414965986394558,0.3368500341312996,0.13427345288320233,0.32836692387451927,1.3177063920226575,37
REACTOME_SARS_COV_2_INFECTION,0.11862244897959184,0.30681295074420745,0.1429011493869481,0.28641284949348667,1.2991286595008678,64
REACTOME_SARS_COV_INFECTIONS,0.12544802867383512,0.30992811955265687,0.13355495455759195,0.2538062509574758,1.2523677345467648,105
REACTOME_SELECTIVE_AUTOPHAGY,0.35502958579881655,0.5892432919265214,0.12384217120104962,-0.25933141776395097,-1.0747724176868148,23
REACTOME_SEMAPHORIN_INTERACTIONS,0.9936102236421726,1,0.03561762334374436,0.12511725062298534,0.38967674538439134,16
REACTOME_SENESCENCE_ASSOCIATED_SECRETORY_PHENOTYPE_SASP,0.17295597484276728,0.378672170622635,0.13010563075112855,0.39491160962812194,1.2799748544839278,18
REACTOME_SENSORY_PERCEPTION,0.4745762711864407,0.693594465387004,0.12878871306171366,-0.18282538368171733,-0.9834841592017578,56
REACTOME_SENSORY_PROCESSING_OF_SOUND,0.18857142857142858,0.3921792167816223,0.1723243449009459,-0.3221806329654331,-1.2528517536565458,19
REACTOME_SEPARATION_OF_SISTER_CHROMATIDS,0.936,0.9937777777777779,0.08266464491237528,-0.13179974833494798,-0.6348623447298392,41
REACTOME_SIGNALING_BY_CSF1_M_CSF_IN_MYELOID_CELLS,0.3570300157977883,0.5904727184348038,0.08455574424412811,0.3572093393386846,1.0993972493210344,15
REACTOME_SIGNALING_BY_ERBB4,0.5229067930489731,0.7402466535343488,0.06494076846128988,0.3116580588443077,0.9592022796954307,15
REACTOME_SIGNALING_BY_FGFR,0.8420221169036335,0.9536953347702148,0.04275914347386776,0.22785513000382696,0.7012787057406182,15
REACTOME_SIGNALING_BY_GPCR,2.5432180310500194e-4,0.0026351485333782365,0.49849310876659025,0.3348026990740182,1.756344030194865,164
REACTOME_SIGNALING_BY_HEDGEHOG,0.9847645429362881,1,0.029139552026283464,0.12330045151048791,0.48806142257120205,36
REACTOME_SIGNALING_BY_INSULIN_RECEPTOR,0.8652931854199684,0.9601226837060703,0.041655677397946726,0.20959179937763128,0.6672976322763485,17
REACTOME_SIGNALING_BY_INTERLEUKINS,2.2828756294534136e-11,2.3891255476683386e-9,0.8634153916066928,0.4607380457569546,2.408131692796668,161
REACTOME_SIGNALING_BY_MET,0.15644171779141106,0.3566426168461588,0.13574094381042484,0.3890842919463332,1.2866412832932448,19
REACTOME_SIGNALING_BY_NOTCH,0.44866385372714485,0.671045068183208,0.06674261342419166,0.2595708698742638,1.0134479234484073,35
REACTOME_SIGNALING_BY_NTRKS,0.9775280898876404,1,0.07687367341265418,-0.12651639532973785,-0.5897307015636122,37
REACTOME_SIGNALING_BY_NUCLEAR_RECEPTORS,0.011964871439180168,0.05562048344699969,0.3807304007227924,0.34487623762243236,1.5946456826628526,73
REACTOME_SIGNALING_BY_RECEPTOR_TYROSINE_KINASES,0.09824561403508772,0.2619883040935672,0.15114876138548375,0.24873367432442473,1.2724929883450462,138
REACTOME_SIGNALING_BY_RHO_GTPASES_MIRO_GTPASES_AND_RHOBTB3,0.07394766780432309,0.217418783971685,0.1737478389995708,0.2468168934764603,1.2947786221782691,164
REACTOME_SIGNALING_BY_ROBO_RECEPTORS,0.9769452449567724,1,0.031492890247129667,0.1422156025068978,0.5217575807744605,28
REACTOME_SIGNALING_BY_TGFB_FAMILY_MEMBERS,2.2386617739574566e-4,0.002444760794417032,0.5188480777437918,0.5028147754568069,2.0177496436153244,37
REACTOME_SIGNALING_BY_TGF_BETA_RECEPTOR_COMPLEX,0.006655619332775837,0.0366325288075982,0.40701791892395395,0.4739830901933915,1.7540510392464121,29
REACTOME_SIGNALING_BY_THE_B_CELL_RECEPTOR_BCR,0.1861777150916784,0.39090909090909093,0.11724971674979229,0.32753819883080404,1.2592148329486068,33
REACTOME_SIGNALING_BY_VEGF,0.13256484149855907,0.3188972410874428,0.14375898903927542,0.3656870638689942,1.34162493004625,28
REACTOME_SIGNALING_BY_WNT,0.9272727272727272,0.9915085817524841,0.02892743145246464,0.14292333873694302,0.6484053037504699,67
REACTOME_SLC_MEDIATED_TRANSMEMBRANE_TRANSPORT,9.122129573005131e-4,0.007051713647446663,0.47727081536286214,0.4036260093088103,1.8748711008563905,74
REACTOME_SLC_TRANSPORTER_DISORDERS,0.2718168812589413,0.495571141624683,0.0943563635421779,0.31488086412206007,1.1652675346007701,29
REACTOME_SMOOTH_MUSCLE_CONTRACTION,0.8716323296354992,0.9601226837060703,0.041320950607482164,0.20578426410826867,0.6551752149031547,17
REACTOME_SPHINGOLIPID_METABOLISM,0.7539936102236422,0.9132880349187779,0.04831175810550189,0.255641415687834,0.7961932855355811,16
REACTOME_STIMULI_SENSING_CHANNELS,0.2375366568914956,0.4518184591397485,0.10395847155995677,0.33126735331384666,1.1969631799941998,27
REACTOME_SUMOYLATION,0.056258790436005623,0.18257569726401826,0.22496609354031374,0.3874518917183658,1.4783226746220337,32
REACTOME_SWITCHING_OF_ORIGINS_TO_A_POST_REPLICATIVE_STATE,0.6052631578947368,0.7962161618194626,0.05700595265823873,0.271353503371484,0.9073892084895688,20
REACTOME_SYNTHESIS_OF_DNA,0.6114369501466276,0.7967208744334844,0.0540088272801684,0.24820403136192204,0.8968317695492277,27
REACTOME_SYNTHESIS_OF_SUBSTRATES_IN_N_GLYCAN_BIOSYTHESIS,0.4344262295081967,0.6568906503332732,0.10512513159700079,-0.26210502597858704,-1.0158071326752627,18
REACTOME_S_PHASE,0.6092265943012212,0.7966487017356669,0.05060042438536184,0.2236307964648463,0.9051915290157645,39
REACTOME_TAK1_DEPENDENT_IKK_AND_NF_KAPPA_B_ACTIVATION,0.19171779141104295,0.39729470027348657,0.12098514214525231,0.3769512890251437,1.2465193283034166,19
REACTOME_TCF_DEPENDENT_SIGNALING_IN_RESPONSE_TO_WNT,0.9864314789687924,1,0.028010662922648945,0.12873383285973894,0.5210765996653987,39
REACTOME_TCR_SIGNALING,0.08783783783783784,0.24566029444078227,0.1737478389995708,0.3450382995228449,1.392608684064777,38
REACTOME_TGF_BETA_RECEPTOR_SIGNALING_ACTIVATES_SMADS,0.09162717219589257,0.25115336442539477,0.1847064712077387,0.458721468753142,1.4118251272079583,15
REACTOME_THE_CITRIC_ACID_TCA_CYCLE_AND_RESPIRATORY_ELECTRON_TRANSPORT,0.9440894568690096,0.9992823789628902,0.03800562415813769,0.17821218920915427,0.5550405362415531,16
REACTOME_THE_ROLE_OF_GTSE1_IN_G2_M_PROGRESSION_AFTER_G2_CHECKPOINT,0.5606469002695418,0.7684273565696491,0.08916471178206781,-0.24310275006858417,-0.9222860325772122,17
REACTOME_TNFR2_NON_CANONICAL_NF_KB_PATHWAY,0.37349397590361444,0.6060468288247329,0.07955646772359566,0.31258096748217773,1.0827986770713502,23
REACTOME_TNF_SIGNALING,0.3984848484848485,0.6302473005921282,0.0764767053228531,0.31530680508631403,1.0702113180394481,21
REACTOME_TOLL_LIKE_RECEPTOR_9_TLR9_CASCADE,0.09308510638297872,0.2531326213102346,0.16693384871319314,0.3337071825756667,1.370793976815215,41
REACTOME_TOLL_LIKE_RECEPTOR_CASCADES,2.7822892099383295e-4,0.002815022024172898,0.49849310876659025,0.4311063855344902,1.9553089013151392,66
REACTOME_TOLL_LIKE_RECEPTOR_TLR1_TLR2_CASCADE,0.016545978105795462,0.07114770585492049,0.35248785758361917,0.3808099188706497,1.6074193740553957,47
REACTOME_TP53_REGULATES_TRANSCRIPTION_OF_CELL_DEATH_GENES,0.0016447229630502849,0.011342668940627547,0.45505986738722953,0.6012009599300843,1.8503398675408607,15
REACTOME_TRANSCRIPTIONAL_ACTIVITY_OF_SMAD2_SMAD3_SMAD4_HETEROTRIMER,0.05529225908372828,0.18114797261716692,0.24133997681509095,0.4820276017367989,1.4835553304047138,15
REACTOME_TRANSCRIPTIONAL_REGULATION_BY_MECP2,0.8005390835579514,0.924584115270842,0.07028128417173922,-0.19809035118029197,-0.7515174716466843,17
REACTOME_TRANSCRIPTIONAL_REGULATION_BY_RUNX1,0.15824468085106383,0.35838823349165005,0.12443416863039332,0.31015759151258976,1.2740575585680363,41
REACTOME_TRANSCRIPTIONAL_REGULATION_BY_RUNX2,0.04252199413489736,0.14926087737147645,0.26635065708852557,0.4135052788233408,1.4941121983000003,27
REACTOME_TRANSCRIPTIONAL_REGULATION_BY_RUNX3,0.04252199413489736,0.14926087737147645,0.26635065708852557,0.4119616482391802,1.4885346218975266,27
REACTOME_TRANSCRIPTIONAL_REGULATION_BY_TP53,0.125,0.30992811955265687,0.13880510939113969,0.2839598564823261,1.3025315460624245,70
REACTOME_TRANSCRIPTIONAL_REGULATION_BY_VENTX,0.40894568690095845,0.6383203734521944,0.07788401119770678,0.3391288433382138,1.0562142572667022,16
REACTOME_TRANSCRIPTIONAL_REGULATION_OF_GRANULOPOIESIS,0.38190184049079756,0.6138982856487587,0.07934349601349727,0.3274234579266441,1.0827384883097677,19
REACTOME_TRANSCRIPTIONAL_REGULATION_OF_WHITE_ADIPOCYTE_DIFFERENTIATION,0.4008810572687225,0.6314549186681798,0.0745500777420554,0.29813041953326014,1.0673848025236308,26
REACTOME_TRANSLATION,0.28973277074542897,0.512904884318766,0.08971046527429813,0.2921946740128558,1.1408217176467281,35
REACTOME_TRANSLATION_OF_SARS_COV_2_STRUCTURAL_PROTEINS,0.48657187993680884,0.707740916271722,0.06847149044920875,0.32168344007319305,0.9900577902675689,15
REACTOME_TRANSLOCATION_OF_SLC2A4_GLUT4_TO_THE_PLASMA_MEMBRANE,0.816711590296496,0.9380593891886299,0.06928364673925483,-0.19343443430172622,-0.7338538001961135,17
REACTOME_TRANSMISSION_ACROSS_CHEMICAL_SYNAPSES,0.7637292464878672,0.9154106647798826,0.0374584205912161,0.17851464209589085,0.8155206717743151,69
REACTOME_TRANSPORT_OF_BILE_SALTS_AND_ORGANIC_ACIDS_METAL_IONS_AND_AMINE_COMPOUNDS,1.602668397066989e-4,0.001837726428636814,0.5188480777437918,0.5679804980894695,2.0837947833175416,28
REACTOME_TRANSPORT_OF_INORGANIC_CATIONS_ANIONS_AND_AMINO_ACIDS_OLIGOPEPTIDES,0.02770100773343193,0.10647091240559312,0.35248785758361917,0.42557618650989754,1.6237859196053968,32
REACTOME_TRANSPORT_OF_MATURE_TRANSCRIPT_TO_CYTOPLASM,0.07456182696102018,0.2182916465922633,0.2878051305355643,-0.42067703568161025,-1.533094022124856,15
REACTOME_TRANSPORT_OF_SMALL_MOLECULES,0.028725341886131704,0.10979464009810341,0.35248785758361917,0.259497859076299,1.3941969886237262,194
REACTOME_TRANSPORT_TO_THE_GOLGI_AND_SUBSEQUENT_MODIFICATION,0.9282700421940928,0.9915085817524841,0.08603472424556043,-0.1300539930216941,-0.6762763806462582,51
REACTOME_TRANS_GOLGI_NETWORK_VESICLE_BUDDING,0.7733755942947702,0.9175659229208925,0.046788296531802984,0.2419915797181036,0.7704519387505091,17
REACTOME_TRNA_PROCESSING,0.018826666112387713,0.07995522398347375,0.35248785758361917,-0.4211394028210296,-1.6928159846380284,21
REACTOME_UB_SPECIFIC_PROCESSING_PROTEASES,0.6497890295358649,0.8283516743580641,0.04929176623126693,0.22430533869210745,0.8757599796387887,35
REACTOME_UCH_PROTEINASES,0.20766773162939298,0.41533546325878595,0.11828752612408502,0.3947657393850659,1.229494955706571,16
REACTOME_UNFOLDED_PROTEIN_RESPONSE_UPR,0.1588785046728972,0.35838823349165005,0.19782202131510335,-0.3072973964063073,-1.3089931808862927,26
REACTOME_VESICLE_MEDIATED_TRANSPORT,0.7350230414746544,0.8950369071408181,0.034417484021222945,0.16741033975180164,0.8699802948775898,152
REACTOME_VISUAL_PHOTOTRANSDUCTION,0.3090909090909091,0.5343079031521242,0.09026354843400684,0.3380576959188347,1.1558691062520012,22
SIG_CHEMOTAXIS,0.7591125198098256,0.9142555557649897,0.047638725929082505,0.24605989647218016,0.7834046312957654,17
WNT_SIGNALING,0.11212121212121212,0.2923069558140648,0.1619789488834018,0.4028225173317418,1.3672563048284303,21
WP_16P112_PROXIMAL_DELETION_SYNDROME,0.8913738019169329,0.9703562906943827,0.04065793441555567,0.20674443654800723,0.643904008114105,16
WP_17Q12_COPY_NUMBER_VARIATION_SYNDROME,0.9141104294478528,0.9842065343663893,0.037614259956216096,0.18409041468933723,0.6087583906639557,19
WP_22Q112_COPY_NUMBER_VARIATION_SYNDROME,0.023772858039879347,0.0934612933224971,0.35248785758361917,0.42572107575046364,1.6017592345376415,31
WP_2Q13_COPY_NUMBER_VARIATION_SYNDROME,0.27488151658767773,0.495571141624683,0.09957912004959042,0.3849403458545111,1.1847460600235926,15
WP_2Q37_COPY_NUMBER_VARIATION_SYNDROME,0.023471935786209985,0.092808573683405,0.35248785758361917,0.3995964483810781,1.5601526898042524,35
WP_3Q29_COPY_NUMBER_VARIATION_SYNDROME,0.329635499207607,0.5627524155206789,0.08916471178206781,0.35260525372138596,1.122623364249783,17
WP_7Q1123_COPY_NUMBER_VARIATION_SYNDROME,0.9585185185185185,1,0.03375073768052985,0.15576545936664155,0.551559482883391,25
WP_ACUTE_VIRAL_MYOCARDITIS,9.088287394420642e-5,0.001202450332184885,0.5384340963099162,0.5612519606162546,2.111688995511196,31
WP_ADIPOGENESIS,0.07652399481193256,0.2207280067373374,0.18302393838448722,0.32158302911905096,1.399637262661523,53
WP_AGERAGE_PATHWAY,0.04899135446685879,0.16853025936599422,0.24504178543099617,0.40283177499439127,1.4779006569969084,28
WP_ALLOGRAFT_REJECTION,2.0290726901297073e-5,3.5794923354083043e-4,0.5756102610711286,0.6158584233547395,2.2252716709651406,27
WP_ALZHEIMERS_DISEASE,0.9883116883116884,1,0.025622525320700754,0.11965954860615197,0.5428636543638276,67
WP_ALZHEIMERS_DISEASE_AND_MIRNA_EFFECTS,0.9548969072164949,1,0.027026515707968327,0.13579982580256167,0.6184411726544162,68
WP_AMINO_ACID_METABOLISM,0.6134185303514377,0.7977919638597147,0.057852975703250924,0.2888700427476042,0.899683597077515,16
WP_ANDROGEN_RECEPTOR_SIGNALING_PATHWAY,0.1826625386996904,0.3878760081030463,0.12503336755527242,0.37899879372878054,1.2673483525630398,20
WP_ANGIOPOIETINLIKE_PROTEIN_8_REGULATORY_PATHWAY,0.7884344146685472,0.9233656360559914,0.040575644789065675,0.1964454960178198,0.759344966506011,34
WP_APOPTOSIS,0.0014930223386849914,0.010812624937002885,0.45505986738722953,0.48510237624407865,1.920185635510157,36
WP_APOPTOSISRELATED_NETWORK_DUE_TO_ALTERED_NOTCH3_IN_OVARIAN_CANCER,0.10142630744849446,0.2694258668902092,0.17520404755855126,0.4327487008477185,1.3777837887924906,17
WP_APOPTOSIS_MODULATION_AND_SIGNALING,3.368216247919084e-4,0.0033104753979547566,0.49849310876659025,0.5095146064268841,1.9893084308731799,35
WP_ARRHYTHMOGENIC_RIGHT_VENTRICULAR_CARDIOMYOPATHY,0.08132530120481928,0.23025435073627845,0.19189224038483796,0.40454045077033574,1.4013516831953068,23
WP_BARDETBIEDL_SYNDROME,0.45481927710843373,0.677306629113858,0.06944814420031753,0.29540040315191496,1.023284201580425,23
WP_BRAINDERIVED_NEUROTROPHIC_FACTOR_BDNF_SIGNALING_PATHWAY,0.9507978723404256,1,0.028856776356490522,0.14674897395636344,0.602811746665306,41
WP_BREAST_CANCER_PATHWAY,0.020362605502430818,0.08388905739923594,0.35248785758361917,0.42580013315359555,1.6369811077072873,33
WP_BURN_WOUND_HEALING,3.954960607226201e-11,3.4012661222145328e-9,0.851339057116899,0.6525258758548587,2.754347203014534,47
WP_B_CELL_RECEPTOR_SIGNALING_PATHWAY,0.00528098761854489,0.0305320964836881,0.40701791892395395,0.428963268922508,1.7313381565826627,38
WP_CALCIUM_REGULATION_IN_CARDIAC_CELLS,0.9840213049267643,1,0.027166976842539856,0.12219656719967667,0.5136389215309105,45
WP_CARDIAC_HYPERTROPHIC_RESPONSE,0.3807266982622433,0.6134425489564951,0.08108020575508663,0.34984950740985765,1.0767456047895747,15
WP_CARDIAC_PROGENITOR_DIFFERENTIATION,0.0045343253684874294,0.026663383363413264,0.40701791892395395,0.5763894330428267,1.7739764542499146,15
WP_CELL_CYCLE,0.0460431654676259,0.1591844112649579,0.2529611230696109,0.39857519816218856,1.4821539709869913,30
WP_CHEMOKINE_SIGNALING_PATHWAY,0.0014610939084636354,0.010693963925776396,0.45505986738722953,0.42598800014279686,1.8401040114955545,52
WP_CHOLESTEROL_METABOLISM,0.9662921348314607,1,0.0630790410571939,-0.1367457167695939,-0.5442561511921217,20
WP_CHOLESTEROL_METABOLISM_WITH_BLOCH_AND_KANDUTSCHRUSSELL_PATHWAYS,0.4308510638297872,0.6543609976046216,0.10395847155995677,-0.270167607878291,-1.0090818858579444,16
WP_CHROMOSOMAL_AND_MICROSATELLITE_INSTABILITY_IN_COLORECTAL_CANCER,0.08962264150943396,0.2486305538648813,0.18643255843407516,0.4372856063655772,1.4173160948668095,18
WP_CILIARY_LANDSCAPE,0.459387483355526,0.6811607511823317,0.06293946920189672,0.24228456900198614,1.0068391613180447,43
WP_CILIOPATHIES,0.5714285714285714,0.7708683473389356,0.053676960063812645,0.2307299926965145,0.9258983292839831,37
WP_CIRCADIAN_RHYTHM_GENES,0.6092436974789915,0.7966487017356669,0.11101149245045029,-0.1764362295597124,-0.9054399806450567,49
WP_CLEAR_CELL_RENAL_CELL_CARCINOMA_PATHWAYS,0.2785185185185185,0.5003152499758243,0.09497515259055948,0.3295665333306284,1.1669823813227362,25
WP_CLOCKCONTROLLED_AUTOPHAGY_IN_BONE_METABOLISM,0.3554301833568406,0.5892432919265214,0.07871138069864847,0.28459180915629867,1.094108194722073,33
WP_COMPLEMENT_AND_COAGULATION_CASCADES,1.8671715005640992e-6,4.757829601437408e-5,0.6435518361507222,0.6244626258933068,2.382637119715301,32
WP_COMPLEMENT_SYSTEM,3.1979668573834745e-8,1.6924624599075617e-6,0.7195128263389107,0.6401405388491934,2.4993139643370372,35
WP_COMPLEMENT_SYSTEM_IN_NEURONAL_DEVELOPMENT_AND_PLASTICITY,2.846303946718735e-6,6.527523717808299e-5,0.6272567397185284,0.5686898350100594,2.3562715195226502,42
WP_COPPER_HOMEOSTASIS,1.6828858628641102e-6,4.453174898655799e-5,0.6435518361507222,0.7529556192093471,2.345074669171839,16
WP_CORTICOTROPINRELEASING_HORMONE_SIGNALING_PATHWAY,0.8913362701908958,0.9703562906943827,0.03676195538836092,0.18123522218508098,0.6488694516487189,26
WP_CYTOSOLIC_DNASENSING_PATHWAY,0.18210862619808307,0.3878760081030463,0.1275053153001827,0.4049756137991011,1.2612935335416382,16
WP_DEVELOPMENT_OF_URETERIC_COLLECTION_SYSTEM,3.4168034977798543e-6,7.58309937571787e-5,0.6272567397185284,0.6842744921880335,2.3225578844860646,21
WP_DNA_DAMAGE_RESPONSE_ONLY_ATM_DEPENDENT,0.01922266647424829,0.08058034927064209,0.35248785758361917,0.4714216571292991,1.6878127136039631,26
WP_DNA_IRDAMAGE_AND_CELLULAR_RESPONSE_VIA_ATR,0.6719492868462758,0.8467053284802888,0.053238649475589886,0.2676185246201721,0.8520429156227266,17
WP_DNA_REPAIR_PATHWAYS_FULL_NETWORK,0.6367924528301887,0.8158532728997576,0.05536428377253621,0.2676675210545588,0.8675553920395184,18
WP_DYRK1A,0.21826625386996903,0.4266113143822122,0.11284335567556247,0.36600813149363526,1.2239083874369343,20
WP_EBOLA_VIRUS_INFECTION_IN_HOST,1.2333781004546926e-4,0.0014887090054611027,0.5188480777437918,0.5207054690997179,2.107662214650909,39
WP_ECTODERM_DIFFERENTIATION,0.01462255199075404,0.06575369784077634,0.3807304007227924,0.39076177863774053,1.605161412445049,41
WP_EGFEGFR_SIGNALING_PATHWAY,0.3118421052631579,0.5363684210526316,0.08197787965012722,0.26426567241691634,1.124458039723668,48
WP_EGFR_TYROSINE_KINASE_INHIBITOR_RESISTANCE,0.12084592145015106,0.309078044452431,0.1552419662288392,0.3814569344684593,1.3306249874148695,24
WP_EMBRYONIC_STEM_CELL_PLURIPOTENCY_PATHWAYS,0.004642970140364641,0.027070876750600614,0.40701791892395395,0.4994010624886586,1.8044780986388886,27
WP_ENDOCHONDRAL_OSSIFICATION,0.019442351713556086,0.08058034927064209,0.35248785758361917,0.4710260641199341,1.686396387263156,26
WP_ENDOCHONDRAL_OSSIFICATION_WITH_SKELETAL_DYSPLASIAS,0.019442351713556086,0.08058034927064209,0.35248785758361917,0.4710260641199341,1.686396387263156,26
WP_ENDODERM_DIFFERENTIATION,0.12234042553191489,0.30992811955265687,0.14375898903927542,0.32161020056405076,1.3211022981669582,41
WP_EPITHELIAL_TO_MESENCHYMAL_TRANSITION_IN_COLORECTAL_CANCER,0.0037134911606172996,0.02221636450873654,0.4317076958033464,0.4360652379287111,1.7802223105248305,40
WP_ERBB_SIGNALING_PATHWAY,0.7720125786163522,0.9175659229208925,0.04650840487191565,0.23160129344041136,0.7506586908114286,18
WP_EXTRAFOLLICULAR_AND_FOLLICULAR_B_CELL_ACTIVATION_BY_SARSCOV2,2.4015561031282483e-5,4.130676497380587e-4,0.5756102610711286,0.6652756391829271,2.2246402871724484,20
WP_FAS_LIGAND_PATHWAY_AND_STRESS_INDUCTION_OF_HEAT_SHOCK_PROTEINS,0.28526148969889065,0.5084453495151211,0.09754492162471996,0.36423905108602234,1.1596630073028842,17
WP_FERROPTOSIS,0.051515151515151514,0.17205060311856427,0.24504178543099617,0.4429282289470172,1.5033827245450753,21
WP_FIBRIN_COMPLEMENT_RECEPTOR_3_SIGNALING_PATHWAY,0.010943029394522323,0.05121635526143781,0.3807304007227924,0.5246109342484564,1.700352149326957,18
WP_FOCAL_ADHESION,0.007385691271582174,0.03908735072960412,0.40701791892395395,0.3851084266985351,1.69391446002053,57
WP_FOCAL_ADHESION_PI3KAKTMTORSIGNALING_PATHWAY,1.5675997515032217e-4,0.001827980727176638,0.5188480777437918,0.4124783508603654,1.9633702136216045,83
WP_FRAGILE_X_SYNDROME,0.932761087267525,0.9934049969660329,0.03338269599193924,0.16527749899391278,0.6116361002584192,29
WP_GASTRIC_CANCER_NETWORK_2,0.23322683706070288,0.4494679661001781,0.11056471633661853,0.3852622266986636,1.1998963362123205,16
WP_GASTRIN_SIGNALING_PATHWAY,0.582312925170068,0.779632691093811,0.052805004567128964,0.22762352609008918,0.9134323632981525,37
WP_GENES_CONTROLLING_NEPHROGENESIS,1.607276684309911e-5,2.9791394060075746e-4,0.5756102610711286,0.687167629067915,2.2272256995699022,18
WP_GENES_RELATED_TO_PRIMARY_CILIUM_DEVELOPMENT_BASED_ON_CRISPR,0.5787878787878787,0.7777462121212121,0.05809835768732064,0.2711615976548186,0.927141482992275,22
WP_GLIOBLASTOMA_SIGNALING_PATHWAYS,0.5835913312693498,0.779632691093811,0.058718587955594134,0.27807522295404796,0.9298662199743318,20
WP_GLUCOCORTICOID_RECEPTOR_PATHWAY,1.7138154362877984e-4,0.0019329590494524677,0.5188480777437918,0.5735968533051045,2.0725685966291874,27
WP_GPCRS_CLASS_A_RHODOPSINLIKE,0.0021755241202969927,0.014272269894778644,0.4317076958033464,0.4014863411815306,1.8107977757623244,65
WP_GPCRS_OTHER,0.2740963855421687,0.495571141624683,0.09688777032754396,0.33931464161466096,1.175405681320769,23
WP_G_PROTEIN_SIGNALING_PATHWAYS,0.6345029239766082,0.8144365889849001,0.08679497567717195,-0.21308171491388786,-0.8719700555517425,22
WP_HAIR_FOLLICLE_DEVELOPMENT_CYTODIFFERENTIATION_PART_3_OF_3,0.0014205057079820797,0.010622912250996423,0.45505986738722953,0.5259302129583607,1.9295215906851129,28
WP_HEAD_AND_NECK_SQUAMOUS_CELL_CARCINOMA,0.034747710080156445,0.12784184243394456,0.3217759180753611,0.4469320057916088,1.559019749923918,24
WP_HEMATOPOIETIC_STEM_CELL_DIFFERENTIATION,5.49451995645433e-4,0.004725287162550724,0.47727081536286214,0.5727371104137607,1.958272626014262,22
WP_HEPATITIS_B_INFECTION,0.050734312416555405,0.17026930215897618,0.23112670967383428,0.3496666737103452,1.4573132549599217,44
WP_HEPATITIS_C_AND_HEPATOCELLULAR_CARCINOMA,0.07606973058637084,0.2207280067373374,0.20429475651688608,0.45044210220105596,1.4341159776713335,17
WP_HIPPOMERLIN_SIGNALING_DYSREGULATION,0.01771665461150855,0.0757084370976266,0.35248785758361917,0.41910626710594634,1.6589525701358474,36
WP_HIPPO_SIGNALING_REGULATION_PATHWAYS,0.18454935622317598,0.3894783959556597,0.11881503941226282,0.339923869517057,1.2579432239824844,29
WP_IL18_SIGNALING_PATHWAY,6.726269235817061e-4,0.005509134802669211,0.47727081536286214,0.3872436830581885,1.8333966448480312,81
WP_IL1_SIGNALING_PATHWAY,0.24849397590361447,0.4658415679065034,0.10282184284081514,0.3489096573208723,1.2086433745714202,23
WP_IL2_SIGNALING_PATHWAY,0.22843450479233227,0.44271250506232285,0.1119183163251045,0.38595460387604774,1.202052739775523,16
WP_IL3_SIGNALING_PATHWAY,0.13629160063391443,0.32558549040324003,0.14920754243532175,0.4157177041523253,1.323560561529358,17
WP_IL4_SIGNALING_PATHWAY,0.4148148148148148,0.6401571445186803,0.07325586558284547,0.29747212124168665,1.0533373061744893,25
WP_IL5_SIGNALING_PATHWAY,0.27488151658767773,0.495571141624683,0.09957912004959042,0.38430831187574255,1.1828008241598778,15
WP_INFLAMMATORY_BOWEL_DISEASE_SIGNALING,0.0036637695059347445,0.022111170351606178,0.4317076958033464,0.5658428532900415,1.8711543744352164,19
WP_INSULIN_SIGNALING,0.8428005284015853,0.9536953347702148,0.034417484021222945,0.17110145899304752,0.7231520986485085,46
WP_INTEGRATED_CANCER_PATHWAY,0.2132701421800948,0.42285261619569225,0.11573444770168878,0.4040585560876842,1.243586928465622,15
WP_INTEGRINMEDIATED_CELL_ADHESION,0.2918454935622318,0.5148453835149114,0.09026354843400684,0.3113095335563738,1.1520512485774046,29
WP_INTERFERON_TYPE_I_SIGNALING_PATHWAYS,0.5638977635782748,0.7684273565696491,0.061840603575328466,0.2972027794996448,0.9256358436423349,16
WP_INTERLEUKIN11_SIGNALING_PATHWAY,0.07667731629392971,0.2207280067373374,0.20429475651688608,0.4613836017569546,1.4369757919964141,16
WP_INTERLEUKIN1_IL1_STRUCTURAL_PATHWAY,0.45331325301204817,0.6765282387685231,0.06961334388509648,0.29638075200782543,1.0266801871159448,23
WP_KIT_RECEPTOR_SIGNALING_PATHWAY,0.2751572327044025,0.495571141624683,0.09923333437711905,0.3548741616625313,1.1502067611074818,18
WP_LEPTIN_SIGNALING_PATHWAY,0.06580829756795423,0.20122714989667784,0.2089550275493539,0.39038708493854335,1.4446905094555977,29
WP_LEUKOCYTEINTRINSIC_HIPPO_PATHWAY_FUNCTIONS,0.03443954385824633,0.12738928050792192,0.3217759180753611,0.5035203651989816,1.5497044548211603,15
WP_LNCRNA_IN_CANONICAL_WNT_SIGNALING_AND_COLORECTAL_CANCER,0.5468277945619335,0.7600353993103238,0.06064040094941603,0.27081843301641495,0.9446879620272781,24
WP_LUNG_FIBROSIS,0.0019556583133210482,0.01319110705455766,0.4317076958033464,0.5860913968641387,1.8996206546621537,18
WP_MALE_INFERTILITY,0.36555891238670696,0.5981248074186023,0.08085891502800323,0.31478727904156445,1.0980631923672013,24
WP_MALIGNANT_PLEURAL_MESOTHELIOMA,1.645454904480928e-5,2.9791394060075746e-4,0.5756102610711286,0.4001914169107552,1.9985676597996855,114
WP_MAPK_SIGNALING_PATHWAY,0.4630541871921182,0.6851210339530694,0.05884381695958071,0.21149795724368858,1.001176992622453,79
WP_MARKERS_OF_KIDNEY_CELL_LINEAGE,6.876772734949147e-4,0.005566140754876486,0.47727081536286214,0.5720303713481696,1.9415799716455024,21
WP_MEASLES_VIRUS_INFECTION,5.307794143607683e-4,0.004622484013673527,0.47727081536286214,0.4995146655146703,1.93083554799389,34
WP_MECHANOREGULATION_AND_PATHOLOGY_OF_YAPTAZ_VIA_HIPPO_AND_NONHIPPO_MECHANISMS,0.5402843601895735,0.7567945190369094,0.06335970106437581,0.3076855785799917,0.946976020763745,15
WP_MECP2_AND_ASSOCIATED_RETT_SYNDROME,0.30835734870317005,0.5343079031521242,0.08756971155485113,0.30992209890168354,1.1370356114311893,28
WP_MELANOMA,0.9858490566037735,1,0.03524042706797093,0.14501460499972718,0.4700166908421835,18
WP_MESODERMAL_COMMITMENT_PATHWAY,2.566205693842178e-4,0.0026351485333782365,0.49849310876659025,0.4571163444347798,1.971271119639176,51
WP_METAPATHWAY_BIOTRANSFORMATION_PHASE_I_AND_II,0.25952045133991536,0.47997330785446707,0.09624060232812902,0.30754692677919654,1.1823587398676931,33
WP_MICROGLIA_PATHOGEN_PHAGOCYTOSIS_PATHWAY,5.6239826241365066e-8,2.763785746718512e-6,0.7195128263389107,0.7172324904608209,2.484535120865434,23
WP_MICRORNAS_IN_CARDIOMYOCYTE_HYPERTROPHY,0.17673716012084592,0.38237473636208175,0.12563992130984047,0.362719680994383,1.265264378089799,24
WP_MICROTUBULE_CYTOSKELETON_REGULATION,0.4010840108401084,0.6314549186681798,0.10968406197054928,-0.2811709962443305,-1.0246852976859966,15
WP_MIRNA_REGULATION_OF_DNA_DAMAGE_RESPONSE,0.05068512385832031,0.17026930215897618,0.3217759180753611,0.5023018272585527,1.5644153006251156,16
WP_MIRNA_ROLE_IN_IMMUNE_RESPONSE_IN_SEPSIS,0.12424242424242424,0.30992811955265687,0.15315880868307333,0.39592734780423144,1.3537339784658486,22
WP_MODULATORS_OF_TCR_SIGNALING_AND_T_CELL_ACTIVATION,0.5309597523219814,0.748566208191646,0.06321911708594577,0.2874226194866842,0.9611233315863217,20
WP_MRNA_PROCESSING,0.11933534743202417,0.3075008203491859,0.1563124030731863,0.38216612171370823,1.333098824390986,24
WP_MYOMETRIAL_RELAXATION_AND_CONTRACTION_PATHWAYS,0.42894736842105263,0.6529110386585933,0.06568136019340105,0.2425948509533823,1.0322480708721584,48
WP_NCRNAS_INVOLVED_IN_WNT_SIGNALING_IN_HEPATOCELLULAR_CARCINOMA,0.46686746987951805,0.6878047521993756,0.06815134386794833,0.29097683494726934,1.0079607036768035,23
WP_NEOVASCULARISATION_PROCESSES,0.03528065041880915,0.12842903432878675,0.3217759180753611,0.4781161377695572,1.5810557604003277,19
WP_NETWORK_MAP_OF_SARSCOV2_SIGNALING_PATHWAY,5.381510326541707e-9,3.365890095146086e-7,0.7614608014455848,0.5840587834842583,2.5690053768167735,57
WP_NEURAL_CREST_DIFFERENTIATION,0.010312156504274734,0.04892940465476563,0.3807304007227924,0.4589462464000824,1.7511093815463548,32
WP_NEUROGENESIS_REGULATION_IN_THE_OLFACTORY_EPITHELIUM,0.8696319018404908,0.9601226837060703,0.039921862429271364,0.2005127266068486,0.6630644238746287,19
WP_NEUROINFLAMMATION_AND_GLUTAMATERGIC_SIGNALING,0.06357615894039735,0.19881013088560257,0.20429475651688608,0.3385441256672318,1.4290131627453648,47
WP_NONALCOHOLIC_FATTY_LIVER_DISEASE,0.8497854077253219,0.9553143145670285,0.03777050013247901,0.1897348780440547,0.7021445846911472,29
WP_NONGENOMIC_ACTIONS_OF_125_DIHYDROXYVITAMIN_D3,0.4141566265060241,0.6401571445186803,0.07417589655880091,0.3045494909559937,1.054977174605825,23
WP_NONSMALL_CELL_LUNG_CANCER,0.2361963190184049,0.45171717171717174,0.10714023727672473,0.36137663160743166,1.195016356783966,19
WP_NOTCH_SIGNALING_PATHWAY,0.24600638977635783,0.4637051949757101,0.10714023727672473,0.382382659603069,1.1909279459356792,16
WP_NOVEL_INTRACELLULAR_COMPONENTS_OF_RIGILIKE_RECEPTOR_PATHWAY,0.347068145800317,0.5809802537971243,0.08628656262672446,0.34852645066813104,1.1096372854621555,17
WP_NRF2_PATHWAY,0.12810457516339868,0.31253882167524216,0.13880510939113969,0.2994035868076962,1.2911497280198467,51
WP_NRP1TRIGGERED_SIGNALING_PATHWAYS_IN_PANCREATIC_CANCER,0.00277794295203025,0.01753417202749369,0.4317076958033464,0.5339276102940834,1.8122519474137613,21
WP_NUCLEAR_RECEPTORS_METAPATHWAY,6.989655531690084e-5,0.001001850626208912,0.5384340963099162,0.39487364303675615,1.941578676836007,104
WP_NUCLEOTIDEBINDING_OLIGOMERIZATION_DOMAIN_NOD_PATHWAY,0.015414876763287446,0.06886646242299846,0.3807304007227924,0.5502621450811414,1.713787353348867,16
WP_ONCOSTATIN_M_SIGNALING_PATHWAY,0.20909090909090908,0.4157645822385706,0.11426650248443287,0.3656417134366522,1.2501829291883506,22
WP_OSTEOBLAST_DIFFERENTIATION_AND_RELATED_DISEASES,0.007485502871914607,0.03931317538837595,0.40701791892395395,0.46813087819705773,1.7861533437355823,32
WP_OVERLAP_BETWEEN_SIGNAL_TRANSDUCTION_PATHWAYS_CONTRIBUTING_TO_LMNA_LAMINOPATHIES,0.4287878787878788,0.6529110386585933,0.072714107793444685,0.30520602185968554,1.0435443889269809,22
WP_OVERVIEW_OF_PROINFLAMMATORY_AND_PROFIBROTIC_MEDIATORS,2.5045771635448903e-6,5.941893408685809e-5,0.6272567397185284,0.6766532117612081,2.3135770981198305,22
WP_OXIDATIVE_DAMAGE_RESPONSE,0.006718321512277728,0.036684168257516483,0.40701791892395395,0.5777329877360682,1.799345088237041,16
WP_P53_TRANSCRIPTIONAL_GENE_NETWORK,0.007006442640979383,0.03765962919526419,0.40701791892395395,0.49506261794821976,1.7149257425993971,23
WP_PANCREATIC_ADENOCARCINOMA_PATHWAY,0.17435158501440923,0.37960091927187833,0.12325722638133735,0.3477746574756835,1.2759082740614085,28
WP_PARKINUBIQUITIN_PROTEASOMAL_SYSTEM_PATHWAY,0.8640483383685801,0.9601226837060703,0.03951722284739186,0.19557875200478053,0.6822315991911664,24
WP_PATHOGENIC_ESCHERICHIA_COLI_INFECTION,0.2033132530120482,0.41020386531463093,0.11573444770168878,0.36361610742938066,1.2595873742978803,23
WP_PEPTIDE_GPCRS,8.740394960849643e-5,0.0011790964182479518,0.5384340963099162,0.6433596115700156,2.151354456321425,20
WP_PHYSICOCHEMICAL_FEATURES_AND_TOXICITYASSOCIATED_PATHWAYS,0.3668730650154799,0.5981248074186023,0.08197787965012722,0.3226600517313468,1.0789551095306684,20
WP_PI3KAKT_SIGNALING_PATHWAY,1.1357424856719483e-6,3.2557951255929184e-5,0.6435518361507222,0.4628720370128111,2.2244802786612934,91
WP_PPAR_SIGNALING_PATHWAY,0.7578616352201258,0.9142555557649897,0.04735342452541926,0.23835648482648736,0.7725534006669982,18
WP_PRADERWILLI_AND_ANGELMAN_SYNDROME,0.9342857142857143,0.9934908368293223,0.06553210292824141,-0.1592232549828657,-0.6191655047421465,19
WP_PRIMARY_FOCAL_SEGMENTAL_GLOMERULOSCLEROSIS_FSGS,0.396969696969697,0.6292975841362938,0.07667468724900914,0.31552976573265207,1.0709680889157478,21
WP_PROLACTIN_SIGNALING_PATHWAY,0.414985590778098,0.6401571445186803,0.07182762936038092,0.2842008955633186,1.0426702071304739,28
WP_PROSTAGLANDIN_SYNTHESIS_AND_REGULATION,8.649687511672194e-6,1.7502897082442558e-4,0.5933254763964051,0.6530148254752106,2.2327539701168653,22
WP_PROXIMAL_TUBULE_TRANSPORT,0.0032964954058808857,0.020249900350411156,0.4317076958033464,0.5500141245295856,1.8392129635847954,20
WP_PYRIMIDINE_METABOLISM,0.8455284552845529,0.9537072856221793,0.06783382634794552,-0.1950594693504117,-0.7108648227860358,15
WP_RAC1PAK1P38MMP2_PATHWAY,0.40915593705293274,0.6383203734521944,0.0721797965581253,0.2844287929864767,1.0525747231319436,29
WP_RANKLRANK_SIGNALING_PATHWAY,0.14457831325301204,0.34299958454507684,0.14040623852334236,0.3794831917868764,1.3145518786618753,23
WP_RAS_SIGNALING,0.9897172236503856,1,0.02499007722455453,0.11064606245862901,0.485688869519517,55
WP_REGULATION_OF_ACTIN_CYTOSKELETON,0.15650969529085873,0.3566426168461588,0.1281429168984153,0.3236431247765149,1.2810798496579638,36
WP_REGULATORY_CIRCUITS_OF_THE_STAT3_SIGNALING_PATHWAY,0.06074074074074074,0.19347050754458162,0.22205604614524838,0.41228622776061613,1.4598896283439398,25
WP_RETINOBLASTOMA_GENE_IN_CANCER,0.8469696969696969,0.9537072856221793,0.040575644789065675,0.19832517547520429,0.6731533986005175,21
WP_SARSCOV2_INNATE_IMMUNITY_EVASION_AND_CELLSPECIFIC_IMMUNE_RESPONSE,9.009497277046836e-4,0.007043788780236617,0.47727081536286214,0.6065165145800708,1.965821891695641,18
WP_SIGNAL_TRANSDUCTION_THROUGH_IL1R,0.12796208530805686,0.31253882167524216,0.15419096658142434,0.43564748881823784,1.340809430590714,15
WP_SMALL_CELL_LUNG_CANCER,0.09640287769784173,0.25908273381294966,0.17093233537005617,0.37454276479940896,1.3927862263170643,30
WP_SPINAL_CORD_INJURY,0.0018626634594920673,0.012688242179510319,0.45505986738722953,0.45862257682522645,1.8563689711798477,39
WP_SPLICING_FACTOR_NOVA_REGULATED_SYNAPTIC_PROTEINS,0.24468085106382978,0.4624736965162497,0.14375898903927542,-0.313725008740975,-1.1717697245324763,16
WP_STEROL_REGULATORY_ELEMENTBINDING_PROTEINS_SREBP_SIGNALING,0.3654970760233918,0.5981248074186023,0.12098514214525231,-0.2667155156622092,-1.0720922460343492,21
WP_SUDDEN_INFANT_DEATH_SYNDROME_SIDS_SUSCEPTIBILITY_PATHWAYS,0.5392809587217043,0.7567945190369094,0.05536428377253621,0.22619145558275472,0.9507692234527878,45
WP_SYNAPTIC_VESICLE_PATHWAY,0.4426229508196721,0.6663557771639702,0.10395847155995677,-0.25997320407224583,-1.007545101491505,18
WP_TCELL_ACTIVATION_SARSCOV2,0.12463343108504399,0.30992811955265687,0.15016980212840597,0.36946236420419876,1.334972619312282,27
WP_TCELL_ANTIGEN_RECEPTOR_TCR_PATHWAY_DURING_STAPHYLOCOCCUS_AUREUS_INFECTION,0.6325925925925926,0.8139731877209563,0.05291298484305835,0.24998663365336882,0.8851930264017215,25
WP_TCELL_RECEPTOR_SIGNALING_PATHWAY,0.2714486638537271,0.495571141624683,0.09344492194109945,0.30709420443784263,1.171717922583981,32
WP_TGFBETA_RECEPTOR_SIGNALING,0.07290015847860538,0.21618667686758838,0.2089550275493539,0.4557375304752192,1.450975543550014,17
WP_TGFBETA_RECEPTOR_SIGNALING_IN_SKELETAL_DYSPLASIAS,0.07290015847860538,0.21618667686758838,0.2089550275493539,0.4557375304752192,1.450975543550014,17
WP_TGFBETA_SIGNALING_PATHWAY,0.06770098730606489,0.20609858082554264,0.20429475651688608,0.3713464619614078,1.427634928487655,33
WP_TH17_CELL_DIFFERENTIATION_PATHWAY,0.022941928931478592,0.09230436903425304,0.35248785758361917,0.453761524601852,1.6067520545275351,25
WP_THERMOGENESIS,0.72,0.881423487544484,0.07871138069864847,-0.21021790880791064,-0.8174665040411041,19
WP_THYMIC_STROMAL_LYMPHOPOIETIN_TSLP_SIGNALING_PATHWAY,0.08513931888544891,0.24006496472618383,0.19002330527910832,0.4229005337651901,1.41415303592995,20
WP_THYROID_HORMONES_PRODUCTION_AND_PERIPHERAL_DOWNSTREAM_SIGNALING_EFFECTS,0.17138364779874213,0.3767154942029859,0.13077713797197438,0.395440112927072,1.2816878224409975,18
WP_THYROID_STIMULATING_HORMONE_TSH_SIGNALING_PATHWAY,0.946319018404908,1,0.035996889024588974,0.1701956823973333,0.5628106704469032,19
WP_TLR4_SIGNALING_AND_TOLERANCE,0.15165876777251186,0.3525041629307032,0.14040623852334236,0.4258575481040263,1.3106785445614006,15
WP_TNFALPHA_SIGNALING_PATHWAY,0.1308016877637131,0.3157598637945074,0.1429011493869481,0.3494860499265786,1.333464007051741,32
WP_TNFRELATED_WEAK_INDUCER_OF_APOPTOSIS_TWEAK_SIGNALING_PATHWAY,0.15530903328050713,0.3566426168461588,0.13880510939113969,0.40694728504705235,1.2956373320881374,17
WP_TOLLLIKE_RECEPTOR_SIGNALING_PATHWAY,7.672298664202019e-4,0.006067289058587343,0.47727081536286214,0.5175863352392883,1.9748506377533621,32
WP_TOLLLIKE_RECEPTOR_SIGNALING_RELATED_TO_MYD88,0.02340551055406929,0.092808573683405,0.35248785758361917,0.4959531691062782,1.607467519264458,18
WP_TRANSSULFURATION_ONECARBON_METABOLISM_AND_RELATED_PATHWAYS,0.7929447852760736,0.9233656360559914,0.044152305844146505,0.22163308945884425,0.732906181370351,19
WP_TROP2_REGULATORY_SIGNALING,0.26038338658146964,0.48027820366769736,0.1035763266125924,0.3800441883630751,1.183644794672056,16
WP_TYPE_I_COLLAGEN_SYNTHESIS_IN_THE_CONTEXT_OF_OSTEOGENESIS_IMPERFECTA,0.058637083993660855,0.18851548498896573,0.2343926472946861,0.47055017063374255,1.498135975088344,17
WP_TYROBP_CAUSAL_NETWORK_IN_MICROGLIA,6.881407361721424e-8,3.0191340641349996e-6,0.7049757151672383,0.6358413450912949,2.5663185219904507,38
WP_VEGFAVEGFR2_SIGNALING,0.06332138590203107,0.19881013088560257,0.19381330272531053,0.26937207626179643,1.3397650095329872,112
WP_VITAMIN_A_AND_CAROTENOID_METABOLISM,0.610223642172524,0.7966487017356669,0.05809835768732064,0.2893161987476846,0.9010731466174815,16
WP_VITAMIN_D_RECEPTOR_PATHWAY,7.147787313938646e-4,0.005718229851150917,0.47727081536286214,0.4412230627550908,1.9290880828706072,54
WP_WHITE_FAT_CELL_DIFFERENTIATION,0.24920127795527156,0.46589804139463814,0.1063232559327084,0.3817853896682775,1.1890677531713192,16
WP_WNT_SIGNALING,0.4474820143884892,0.6707355684080186,0.06799225915440577,0.2720298835840482,1.011578678353086,30
WP_WNT_SIGNALING_PATHWAY_AND_PLURIPOTENCY,0.6866952789699571,0.8521374708041374,0.04754341942013011,0.22254329487920543,0.8235574342977553,29
WP_ZINC_HOMEOSTASIS,4.0973552569715945e-6,8.809313802488929e-5,0.610526878385931,0.7393071648827594,2.3025666598043832,16
